0,0,0,156,3,2,0,0,1,23,1
0,0,0,1432,1,1,0,0,1,23,2
156,2,0,3364,2,3,135,4,12,26,2
3364,3,135,3132,2,4,135,12,20,30,2
1432,1,0,3290,2,6,88,13,21,41,2
156,2,0,1944,3,5,88,13,21,39,2
1432,1,0,2853,2,7,88,16,24,38,2
1432,1,0,3183,3,8,88,18,26,45,2
3364,3,135,2632,3,9,88,21,29,46,2
3290,6,88,1731,3,10,37,25,33,48,1
3290,6,88,792,2,12,37,28,36,60,2
1944,5,88,1792,2,11,88,28,36,52,2
3290,6,88,983,3,13,37,29,37,56,1
3290,6,88,3365,2,14,9.9,33,41,56,2
2632,9,88,203,2,16,37,35,43,54,1
1731,10,37,4037,2,15,88,35,43,64,2
3183,8,88,3740,3,17,88,36,44,56,1
3290,6,88,2572,2,18,37,37,45,69,2
1731,10,37,1411,3,19,88,39,47,68,2
3290,6,88,4118,3,20,88,40,48,62,1
2572,18,37,2071,3,21,88,46,54,68,1
203,16,37,3216,3,22,88,52,60,77,2
4037,15,88,3351,2,23,88,54,62,73,1
1411,19,88,3188,3,24,88,57,65,85,1
4037,15,88,1231,1,25,88,57,65,81,2
2071,21,88,3785,3,26,88,60,68,92,1
792,12,37,3359,2,27,88,60,68,88,2
792,12,37,1208,3,28,88,61,69,90,1
1208,28,88,2683,3,29,88,71,79,93,2
3188,24,88,518,3,30,88,72,80,98,2
3785,26,88,1119,3,31,88,76,84,100,1
3785,26,88,1907,3,32,88,80,88,108,1
1231,25,88,2346,3,33,88,81,89,110,1
1119,31,88,2078,3,34,88,88,96,109,1
518,30,88,1269,3,35,88,89,97,114,1
2683,29,88,935,2,36,37,93,101,120,2
1269,35,88,2603,2,37,88,101,109,125,2
0,0,0,261,2,38,0,218,218,234,2
0,0,0,3325,3,39,0,218,218,233,1
261,38,0,616,2,40,33,218,226,249,2
261,38,0,803,3,41,33,218,226,247,1
261,38,0,286,3,42,33,218,226,242,1
261,38,0,3335,2,44,33,219,227,249,2
261,38,0,1952,3,43,33,219,227,237,1
261,38,0,1966,3,45,88,221,229,250,1
261,38,0,3984,2,46,33,222,230,253,2
261,38,0,1540,2,47,33,224,232,252,2
286,42,33,3676,2,48,33,226,234,251,2
616,40,33,2037,2,49,33,227,235,259,2
3335,44,33,3323,2,51,33,227,235,252,2
1952,43,33,1855,3,50,33,227,235,258,1
261,38,0,3838,2,53,33,228,236,254,2
616,40,33,1264,2,52,33,228,236,257,1
3325,39,0,3174,2,55,88,229,237,250,2
616,40,33,874,3,57,33,229,237,258,2
3335,44,33,2802,2,56,33,229,237,253,2
3325,39,0,3057,3,54,88,229,237,250,1
1952,43,33,1172,3,58,88,230,238,249,1
1966,45,88,866,3,59,88,230,238,257,1
616,40,33,1599,3,60,33,230,238,256,1
3335,44,33,690,2,62,33,231,239,255,2
3325,39,0,3233,3,63,88,231,239,250,1
616,40,33,4273,2,61,33,231,239,253,2
616,40,33,2715,3,66,33,232,240,254,1
3335,44,33,82,3,69,33,232,240,252,2
1540,47,33,1937,2,70,33,232,240,251,2
3984,46,33,2233,2,68,33,232,240,258,2
803,41,33,1129,3,64,88,232,240,257,1
616,40,33,3428,2,67,33,232,240,257,2
803,41,33,1328,2,65,88,232,240,258,2
3335,44,33,2685,3,74,33,233,241,251,2
3984,46,33,4018,3,75,33,233,241,257,2
1540,47,33,3531,2,71,33,233,241,255,2
3335,44,33,591,2,73,33,233,241,261,2
3984,46,33,1707,2,72,33,233,241,260,2
3984,46,33,3772,2,79,33,234,242,258,2
261,38,0,797,2,76,33,234,242,265,2
261,38,0,2868,2,77,33,234,242,253,2
3984,46,33,820,2,80,33,234,242,252,2
261,38,0,3138,2,78,33,234,242,255,2
616,40,33,212,3,82,33,235,243,265,2
3335,44,33,1623,2,81,33,235,243,253,2
3676,48,33,3566,2,83,33,236,244,259,2
3838,53,33,3378,2,85,33,236,244,268,2
3838,53,33,458,3,84,33,236,244,259,1
3984,46,33,2697,2,92,33,237,245,261,2
1540,47,33,3849,3,93,33,237,245,262,1
3323,51,33,3535,3,90,33,237,245,258,1
3984,46,33,4075,2,95,33,237,245,265,2
3174,55,88,4199,3,86,37,237,245,257,1
2037,49,33,2743,2,87,33,237,245,266,2
3323,51,33,968,2,89,33,237,245,269,2
616,40,33,2971,2,88,33,237,245,263,2
2802,56,33,3455,2,94,33,237,245,262,2
3984,46,33,341,2,91,33,237,245,259,2
616,40,33,2017,2,97,33,238,246,262,2
2802,56,33,4319,2,96,33,238,246,270,2
2037,49,33,953,2,98,33,238,246,261,2
866,59,88,2476,2,99,88,239,247,261,2
874,57,33,1012,2,101,33,239,247,259,2
2037,49,33,1055,2,102,33,239,247,266,2
4273,61,33,4063,2,100,33,239,247,257,2
1855,50,33,3706,2,103,88,239,247,270,2
690,62,33,2044,2,108,33,240,248,271,2
1172,58,88,523,3,110,88,240,248,263,1
3233,63,88,1682,2,109,135,240,248,272,1
3428,67,33,3339,3,105,33,240,248,267,2
2037,49,33,2251,2,106,33,240,248,259,2
3057,54,88,1074,2,104,88,240,248,270,2
2037,49,33,3130,2,107,33,240,248,259,2
2685,74,33,81,2,114,33,241,249,271,2
591,73,33,1880,2,112,33,241,249,261,1
3838,53,33,3675,2,117,33,241,249,264,2
3531,71,33,656,2,116,33,241,249,263,2
3323,51,33,1563,2,119,33,241,249,270,2
82,69,33,836,2,113,33,241,249,269,2
4273,61,33,3141,2,111,33,241,249,273,2
616,40,33,3468,2,115,33,241,249,272,2
3323,51,33,3873,2,120,33,241,249,262,2
3323,51,33,744,2,118,33,241,249,266,2
3138,78,33,2635,2,131,33,242,250,271,2
1264,52,33,3232,2,121,88,242,250,260,2
616,40,33,674,2,125,33,242,250,265,2
3335,44,33,3015,2,129,33,242,250,274,2
82,69,33,2593,2,124,33,242,250,273,2
591,73,33,2756,2,127,33,242,250,273,2
591,73,33,3081,2,128,33,242,250,271,2
797,76,33,4190,2,122,33,242,250,274,2
1707,72,33,3629,3,132,33,242,250,268,2
3323,51,33,184,2,126,33,242,250,271,2
1707,72,33,2280,2,130,33,242,250,262,2
82,69,33,2309,3,123,33,242,250,274,2
1540,47,33,1824,2,136,33,243,251,263,2
2233,68,33,154,2,141,33,243,251,275,2
3323,51,33,2887,2,135,33,243,251,272,2
2802,56,33,3515,2,140,33,243,251,264,2
3531,71,33,1777,2,133,88,243,251,274,2
616,40,33,2521,2,139,33,243,251,262,2
2802,56,33,4279,2,134,33,243,251,263,2
616,40,33,1903,3,137,33,243,251,269,1
616,40,33,2587,2,138,33,243,251,267,2
874,57,33,958,2,151,33,244,252,267,2
797,76,33,2599,2,143,33,244,252,265,1
1540,47,33,2778,2,142,33,244,252,271,2
3323,51,33,3572,2,148,33,244,252,271,1
3838,53,33,3866,2,146,33,244,252,265,2
2037,49,33,2996,2,152,33,244,252,275,2
3323,51,33,275,2,147,33,244,252,262,2
3984,46,33,2623,2,149,33,244,252,274,2
1707,72,33,1070,2,145,33,244,252,264,2
3378,85,33,1534,2,144,33,244,252,264,2
212,82,33,3530,2,150,33,244,252,275,2
1623,81,33,2298,2,159,33,245,253,267,2
1937,70,33,3953,2,155,33,245,253,267,2
797,76,33,1826,2,154,33,245,253,266,2
2802,56,33,1246,2,161,33,245,253,267,2
1707,72,33,4132,2,158,33,245,253,263,2
3233,63,88,4046,3,153,88,245,253,266,1
3378,85,33,2544,2,156,33,245,253,265,2
3428,67,33,1153,3,160,33,245,253,273,1
968,89,33,4097,2,157,33,245,253,275,2
3772,79,33,1406,2,165,33,246,254,266,2
3323,51,33,605,2,162,33,246,254,270,2
1937,70,33,395,2,164,33,246,254,274,2
4075,95,33,1632,2,163,33,246,254,272,2
4063,100,33,828,2,169,33,247,255,267,2
2697,92,33,3146,2,168,33,247,255,278,2
797,76,33,3919,2,170,33,247,255,277,2
1540,47,33,2960,2,166,33,247,255,277,2
2685,74,33,440,2,167,33,247,255,268,2
591,73,33,158,2,179,33,248,256,276,2
616,40,33,2793,2,180,33,248,256,274,2
2971,88,33,3717,2,178,33,248,256,275,2
953,98,33,3730,2,181,33,248,256,269,2
2802,56,33,2047,2,177,33,248,256,270,2
1012,101,33,1740,2,182,33,248,256,269,2
3566,83,33,1422,3,172,88,248,256,274,1
3849,93,33,2025,2,171,88,248,256,268,2
3339,105,33,1425,2,175,33,248,256,270,2
4075,95,33,3893,3,173,88,248,256,278,1
2971,88,33,2953,3,183,9.9,248,256,275,1
2017,97,33,2456,2,176,33,248,256,266,2
3428,67,33,4060,3,174,88,248,256,272,1
3339,105,33,115,2,189,33,249,257,276,2
874,57,33,1572,2,190,33,249,257,277,2
3772,79,33,3432,2,188,33,249,257,278,2
4063,100,33,3718,2,186,33,249,257,275,2
2868,77,33,1307,2,192,33,249,257,276,2
2802,56,33,2731,2,191,33,249,257,274,2
3233,63,88,2631,3,185,88,249,257,269,2
3138,78,33,819,2,187,33,249,257,278,2
458,84,33,1416,2,184,88,249,257,280,2
656,116,33,2987,2,196,33,250,258,280,2
3174,55,88,2379,3,198,37,250,258,273,1
797,76,33,2782,2,201,33,250,258,277,2
2756,127,33,3810,2,197,33,250,258,269,2
3531,71,33,3171,3,202,9.9,250,258,281,1
341,91,33,3235,3,195,88,250,258,273,2
2476,99,88,1548,2,199,33,250,258,282,2
4063,100,33,95,3,193,88,250,258,282,1
656,116,33,3225,3,194,88,250,258,280,1
184,126,33,27,2,200,33,250,258,274,2
523,110,88,189,3,203,88,251,259,269,1
690,62,33,547,2,206,33,251,259,273,2
1824,136,33,452,2,207,33,251,259,270,2
4075,95,33,2135,2,208,33,251,259,273,2
3130,107,33,544,2,209,33,251,259,278,2
1777,133,88,4032,2,205,37,251,259,279,2
4075,95,33,2502,3,204,88,251,259,276,1
2037,49,33,370,2,217,33,252,260,281,1
958,151,33,963,2,216,33,252,260,271,2
2887,135,33,91,3,211,88,252,260,270,1
1328,65,88,1570,3,215,37,252,260,278,1
1777,133,88,2179,3,213,88,252,260,274,1
1903,137,33,2264,3,210,88,252,260,270,1
3141,111,33,2751,2,214,33,252,260,272,2
2887,135,33,2519,3,212,88,252,260,281,1
2756,127,33,500,2,221,33,253,261,277,2
184,126,33,718,3,219,88,253,261,282,1
1328,65,88,1410,3,218,88,253,261,271,1
184,126,33,245,3,224,9.9,253,261,278,1
2599,143,33,2553,3,223,88,253,261,276,1
3706,103,88,2070,2,220,88,253,261,274,2
2298,159,33,1357,2,222,33,253,261,282,2
2599,143,33,2231,2,230,88,254,262,281,2
2044,108,33,2716,3,228,88,254,262,277,1
2280,130,33,1044,1,227,88,254,262,286,2
1623,81,33,428,3,226,88,254,262,283,1
4199,86,37,1459,2,225,88,254,262,278,2
3629,132,33,2227,2,229,33,254,262,284,2
674,125,33,226,2,233,33,255,263,286,2
2887,135,33,1346,3,231,88,255,263,276,1
3428,67,33,3903,2,232,88,255,263,273,2
1264,52,33,1230,3,234,88,256,264,280,1
1826,154,33,2356,2,237,33,256,264,277,2
1855,50,33,3178,3,235,88,256,264,283,2
3866,146,33,1999,3,236,88,256,264,278,2
2037,49,33,1021,3,239,88,257,265,277,1
1632,163,33,1708,3,240,88,257,265,279,2
395,164,33,1904,3,238,88,257,265,281,1
1328,65,88,3965,3,241,37,257,265,285,2
3572,148,33,3433,3,242,88,257,265,278,1
2756,127,33,3999,2,243,33,258,266,283,2
2476,99,88,155,3,244,9.9,258,266,281,1
2623,149,33,486,3,249,33,259,267,284,2
1328,65,88,4334,3,248,88,259,267,291,2
2731,191,33,3764,3,247,88,259,267,289,2
3866,146,33,169,3,245,88,259,267,289,1
953,98,33,4342,2,246,88,259,267,281,1
2017,97,33,800,2,253,9.9,260,268,287,2
154,141,33,2324,3,251,88,260,268,288,1
2599,143,33,2962,3,252,88,260,268,287,1
4132,158,33,3525,3,250,88,260,268,286,1
2953,183,9.9,3546,2,254,88,261,269,284,2
2756,127,33,119,3,256,88,261,269,289,2
1422,172,88,2967,3,255,88,261,269,282,1
2379,198,37,944,2,260,88,262,270,283,2
797,76,33,3019,2,259,88,262,270,292,2
2298,159,33,2543,3,257,88,262,270,292,1
2070,220,88,1819,3,258,88,262,270,291,1
91,211,88,1209,3,264,88,263,271,295,1
245,224,9.9,2465,2,262,88,263,271,285,2
2519,212,88,4322,3,261,88,263,271,295,1
1070,145,33,4203,3,265,9.9,263,271,292,2
3866,146,33,319,3,263,88,263,271,292,1
1572,190,33,2910,3,271,88,264,272,283,1
2379,198,37,3405,3,266,88,264,272,288,2
1357,222,33,1186,3,270,88,264,272,293,1
958,151,33,3372,2,272,88,264,272,288,2
428,226,88,111,2,273,135,264,272,288,2
3432,188,33,988,3,269,88,264,272,294,1
963,216,33,1207,2,267,88,264,272,288,2
797,76,33,487,3,274,88,264,272,285,1
1548,199,33,4248,2,268,88,264,272,288,2
3629,132,33,37,3,275,88,265,273,288,1
836,113,33,1962,3,276,88,265,273,294,1
95,193,88,3661,3,277,88,266,274,290,1
2047,177,33,2381,3,278,88,267,275,298,2
3999,243,33,1454,3,279,88,268,276,292,1
1425,175,33,2613,3,280,88,268,276,292,1
1632,163,33,2238,3,281,88,268,276,294,1
1570,215,37,1802,3,282,88,269,277,288,1
4342,246,88,295,3,284,88,270,278,293,2
1230,234,88,2287,2,283,88,270,278,301,2
2778,142,33,1244,3,285,88,271,279,299,2
718,219,88,1811,3,286,88,272,280,296,1
3019,259,88,873,2,287,88,272,280,302,2
718,219,88,1430,3,288,88,273,281,293,1
1207,267,88,1833,3,289,88,273,281,292,2
944,260,88,1181,2,291,37,273,281,301,2
1422,172,88,176,3,292,88,273,281,296,2
944,260,88,109,2,290,37,273,281,302,2
944,260,88,3716,3,295,37,274,282,298,1
3530,150,33,1908,3,294,88,274,282,297,1
1904,238,88,870,2,293,88,274,282,293,2
3546,254,88,941,2,299,33,276,284,297,2
1186,270,88,3340,3,296,88,276,284,304,1
800,253,9.9,3078,3,298,88,276,284,296,1
3893,173,88,3952,2,297,88,276,284,308,2
2782,201,33,3035,1,301,88,277,285,308,2
119,256,88,2873,3,302,88,277,285,306,2
2543,257,88,3465,3,303,88,277,285,308,1
3171,202,9.9,1630,3,300,88,277,285,306,1
3525,250,88,1609,3,304,88,278,286,300,2
155,244,9.9,2312,3,305,88,279,287,311,2
3146,168,33,2748,2,307,88,279,287,303,2
1819,258,88,3209,3,306,88,279,287,310,1
3178,235,88,3729,3,312,88,280,288,304,1
2987,196,33,3932,3,309,88,280,288,312,2
944,260,88,1124,3,310,37,280,288,304,1
3546,254,88,2100,3,311,33,280,288,303,1
2231,230,88,2576,3,308,88,280,288,311,2
295,284,88,288,3,313,88,281,289,310,1
3546,254,88,3529,2,314,33,282,290,306,2
870,293,88,901,3,316,37,283,291,314,2
176,292,88,3787,3,315,88,283,291,313,1
3525,250,88,507,3,318,88,284,292,311,1
1186,270,88,3585,3,317,88,284,292,315,2
2613,280,88,1130,2,319,88,286,294,304,2
3716,295,37,3901,3,320,88,286,294,309,1
1802,282,88,2033,3,321,88,286,294,315,1
2324,251,88,4274,3,322,88,286,294,311,2
111,273,135,3790,3,324,88,287,295,307,2
1908,294,88,413,2,323,88,287,295,316,2
1124,310,37,2676,3,327,37,288,296,307,1
3716,295,37,740,3,325,88,288,296,318,1
941,299,33,2045,1,326,88,288,296,317,2
941,299,33,1988,2,328,33,289,297,314,2
1962,276,88,3358,3,329,88,290,298,321,1
1181,291,37,795,3,330,37,290,298,314,1
3529,314,33,50,2,333,33,291,299,323,2
3019,259,88,534,3,331,88,291,299,321,1
870,293,88,3522,3,332,37,291,299,311,1
873,287,88,447,2,334,88,293,301,317,2
1124,310,37,2311,3,336,88,293,301,323,1
3529,314,33,3789,2,335,33,293,301,317,2
3529,314,33,2326,2,338,33,293,301,324,2
3716,295,37,2719,3,337,88,293,301,322,1
941,299,33,3760,3,339,33,294,302,319,1
1130,319,88,3801,2,342,33,297,305,316,2
1130,319,88,2277,2,340,33,297,305,317,2
1908,294,88,854,3,341,88,297,305,329,2
1130,319,88,3850,2,343,33,298,306,323,2
3529,314,33,3862,3,345,33,299,307,320,1
1988,328,33,2885,3,344,88,299,307,322,1
1130,319,88,1229,2,346,33,300,308,329,2
740,325,88,3250,3,347,88,300,308,320,1
3465,303,88,2933,3,348,88,301,309,319,1
1988,328,33,3728,3,349,33,302,310,333,1
3729,312,88,2663,3,351,88,302,310,328,1
3358,329,88,1902,3,350,88,302,310,321,1
1130,319,88,2760,2,352,33,303,311,334,2
1988,328,33,1458,3,353,88,304,312,334,1
50,333,33,3459,3,354,33,304,312,336,1
1988,328,33,3653,3,357,33,305,313,336,1
3035,301,88,4164,3,356,88,305,313,323,1
2676,327,37,3788,2,355,88,305,313,329,2
3789,335,33,920,3,359,88,306,314,326,1
3801,342,33,668,2,360,33,306,314,336,2
1988,328,33,3770,2,361,33,306,314,337,2
534,331,88,1308,3,358,88,306,314,334,1
447,334,88,2395,2,362,37,307,315,330,2
3850,343,33,3710,2,363,33,308,316,335,2
2277,340,33,623,2,365,33,309,317,335,2
1229,346,33,1862,2,367,33,309,317,339,2
3789,335,33,2150,3,364,88,309,317,333,1
3850,343,33,460,2,366,33,309,317,337,2
3801,342,33,1011,3,370,33,310,318,339,2
2277,340,33,188,3,369,33,310,318,330,1
3850,343,33,3329,2,368,33,310,318,340,2
854,341,88,1521,3,372,88,311,319,338,1
3862,345,33,1077,3,371,88,311,319,337,2
3850,343,33,1718,3,373,33,311,319,335,1
3850,343,33,1856,3,374,88,312,320,331,1
2760,352,33,3059,2,376,33,312,320,341,2
3850,343,33,3651,2,377,33,312,320,344,2
2277,340,33,383,3,375,33,312,320,331,1
2277,340,33,1872,2,379,33,313,321,342,2
3850,343,33,377,2,378,33,313,321,338,2
3801,342,33,3180,3,380,33,314,322,341,1
2760,352,33,174,2,383,33,315,323,342,2
1458,353,88,3825,3,388,88,315,323,333,1
668,360,33,2997,2,387,33,315,323,339,2
2760,352,33,3624,3,384,33,315,323,338,1
2663,351,88,1121,3,382,88,315,323,339,1
2311,336,88,2099,3,381,88,315,323,335,1
1229,346,33,4278,3,386,33,315,323,347,1
1229,346,33,1165,2,385,33,315,323,334,2
2395,362,37,1300,3,392,37,316,324,339,1
3728,349,33,3220,3,395,88,316,324,335,1
668,360,33,456,2,394,33,316,324,346,2
50,333,33,3394,2,393,33,316,324,336,2
50,333,33,3487,3,389,88,316,324,340,1
2760,352,33,714,2,390,33,316,324,336,2
2395,362,37,970,3,391,37,316,324,336,2
2277,340,33,1744,2,397,33,317,325,341,2
1862,367,33,1295,2,400,33,317,325,344,2
2663,351,88,2301,3,401,88,317,325,343,1
3788,355,88,3231,3,399,37,317,325,340,1
3850,343,33,733,2,398,33,317,325,348,2
3789,335,33,2696,2,396,33,317,325,341,2
3710,363,33,810,2,403,33,318,326,347,2
3710,363,33,2164,3,404,33,318,326,350,1
3770,361,33,1319,2,405,33,318,326,336,2
623,365,33,3961,2,402,33,318,326,345,2
2326,338,33,4001,2,406,33,318,326,346,2
1862,367,33,2452,2,408,33,319,327,344,2
460,366,33,3650,3,412,88,319,327,347,1
2760,352,33,380,3,409,33,319,327,343,1
1011,370,33,1516,2,411,33,319,327,342,2
2760,352,33,2124,2,410,33,319,327,343,2
2311,336,88,505,2,407,88,319,327,339,2
1862,367,33,2199,3,418,33,320,328,352,1
188,369,33,719,3,413,88,320,328,342,1
3850,343,33,3448,2,415,33,320,328,339,2
3329,368,33,93,2,414,33,320,328,346,2
1229,346,33,2918,3,416,33,320,328,341,2
1229,346,33,4247,2,417,33,320,328,349,2
3850,343,33,1976,2,425,33,321,329,350,2
3770,361,33,979,3,423,33,321,329,346,1
3770,361,33,2733,2,424,33,321,329,346,2
3850,343,33,3345,3,420,33,321,329,343,1
623,365,33,2297,2,422,33,321,329,348,2
3329,368,33,2795,2,421,33,321,329,339,2
668,360,33,297,2,419,88,321,329,349,2
3770,361,33,666,3,428,33,322,330,347,2
2395,362,37,2343,2,426,88,322,330,354,1
1229,346,33,2397,3,429,33,322,330,350,1
3059,376,33,1804,2,427,33,322,330,350,2
3651,377,33,1273,2,437,33,323,331,351,2
1011,370,33,1258,3,433,88,323,331,347,2
668,360,33,1426,2,440,33,323,331,345,2
377,378,33,4149,2,435,33,323,331,341,2
668,360,33,121,2,439,33,323,331,353,2
377,378,33,1167,3,434,33,323,331,344,1
2760,352,33,1617,2,436,33,323,331,355,2
383,375,33,3006,2,431,88,323,331,352,2
2150,364,88,53,3,432,88,323,331,354,1
3710,363,33,2378,3,438,33,323,331,352,1
2311,336,88,3532,3,430,88,323,331,353,1
460,366,33,4106,2,441,33,324,332,348,2
3710,363,33,2504,2,444,33,325,333,344,2
714,390,33,14,2,447,33,325,333,350,2
377,378,33,4269,2,449,33,325,333,351,1
3653,357,33,1961,3,450,88,325,333,351,1
1011,370,33,3791,2,446,33,325,333,350,2
174,383,33,336,3,445,33,325,333,344,1
460,366,33,1671,2,452,33,325,333,355,2
3710,363,33,808,2,443,33,325,333,350,2
3329,368,33,255,3,442,88,325,333,345,2
2760,352,33,1486,2,453,33,325,333,343,2
377,378,33,1922,2,448,33,325,333,353,2
1011,370,33,1993,2,451,33,325,333,356,2
1011,370,33,4195,1,454,88,326,334,347,1
1165,385,33,410,2,459,33,326,334,353,2
456,394,33,4025,2,456,33,326,334,345,2
2301,401,88,2039,3,457,88,326,334,350,1
714,390,33,1350,2,455,33,326,334,354,2
1718,373,33,4250,3,458,88,326,334,347,1
377,378,33,843,2,461,33,327,335,353,2
623,365,33,3985,2,460,33,327,335,359,2
668,360,33,3417,2,462,33,327,335,355,2
2452,408,33,3049,2,463,33,327,335,352,2
174,383,33,3691,2,464,33,328,336,356,2
1011,370,33,3346,2,466,33,328,336,359,2
733,398,33,829,3,465,33,328,336,348,1
3651,377,33,4255,2,472,33,329,337,358,2
2199,418,33,3223,3,473,88,329,337,349,1
1229,346,33,64,2,469,33,329,337,347,2
714,390,33,3453,2,467,33,329,337,348,2
3487,389,88,1147,3,471,88,329,337,348,1
1862,367,33,1095,2,468,33,329,337,354,2
4247,417,33,346,2,470,33,329,337,347,2
623,365,33,3003,2,479,33,330,338,357,2
1011,370,33,4052,2,476,33,330,338,350,2
93,414,33,3900,2,477,33,330,338,355,2
1516,411,33,303,3,475,88,330,338,355,2
174,383,33,1336,2,480,33,330,338,356,2
3329,368,33,2856,3,474,88,330,338,362,1
623,365,33,314,2,478,33,330,338,352,2
1273,437,33,1288,2,493,33,331,339,358,2
3651,377,33,2980,2,487,33,331,339,357,2
1718,373,33,1866,1,481,88,331,339,363,2
2452,408,33,3896,2,490,33,331,339,355,2
1295,400,33,908,2,488,33,331,339,360,2
3650,412,88,4281,3,483,88,331,339,355,1
1718,373,33,3341,2,482,88,331,339,351,2
1744,397,33,1857,2,495,33,331,339,357,2
2452,408,33,1131,2,489,33,331,339,355,2
2124,410,33,2182,3,485,88,331,339,358,2
2378,438,33,3330,2,494,33,331,339,355,2
1011,370,33,3737,2,492,33,331,339,359,2
666,428,33,1627,2,484,88,331,339,359,2
4001,406,33,2822,2,486,33,331,339,350,2
121,439,33,2058,2,491,33,331,339,355,2
93,414,33,1625,3,501,88,333,341,351,1
3231,399,37,3743,3,498,88,333,341,356,1
3650,412,88,865,3,497,88,333,341,351,1
3624,384,33,1293,3,496,88,333,341,355,2
1295,400,33,3940,3,500,88,333,341,354,1
4247,417,33,3876,2,499,88,333,341,364,2
3653,357,33,2534,3,502,88,334,342,359,1
2099,381,88,4215,2,503,88,334,342,352,1
2760,352,33,3894,3,504,88,334,342,364,1
2795,421,33,1646,3,505,88,334,342,360,1
3710,363,33,3169,2,510,88,335,343,365,2
1718,373,33,3589,3,507,88,335,343,361,1
4250,458,88,4301,3,506,88,335,343,360,1
3448,415,33,74,2,509,88,335,343,364,2
2039,457,88,1776,3,508,88,335,343,366,1
668,360,33,1928,3,513,88,336,344,362,1
2199,418,33,4191,3,511,88,336,344,366,2
3448,415,33,629,1,514,88,336,344,356,2
53,432,88,3005,2,512,88,336,344,363,2
174,383,33,208,2,516,88,337,345,360,2
336,445,33,789,3,515,88,337,345,356,1
2997,387,33,3931,2,530,33,339,347,364,2
2795,421,33,751,2,524,33,339,347,369,2
4195,454,88,1390,3,517,88,339,347,365,1
1147,471,88,601,2,518,88,339,347,363,2
1976,425,33,3562,2,526,33,339,347,357,2
1862,367,33,992,2,529,33,339,347,370,2
4149,435,33,3123,2,527,33,339,347,358,2
1273,437,33,2332,2,521,33,339,347,363,2
1922,448,33,721,2,523,33,339,347,358,2
3896,490,33,2322,2,525,33,339,347,367,2
1993,451,33,1337,2,528,33,339,347,360,2
4149,435,33,280,3,519,88,339,347,358,1
3049,463,33,3555,3,520,33,339,347,364,1
3329,368,33,2891,3,531,88,339,347,370,1
456,394,33,4087,2,522,33,339,347,364,2
1804,427,33,1419,2,535,33,340,348,372,2
2182,485,88,3395,3,538,33,340,348,368,1
1273,437,33,3012,2,532,33,340,348,368,2
314,478,33,2323,2,539,33,340,348,368,2
3003,479,33,1324,2,534,33,340,348,359,2
14,447,33,90,2,542,33,340,348,360,2
1922,448,33,3415,2,541,33,340,348,363,2
2297,422,33,769,2,540,33,340,348,358,2
4106,441,33,394,2,543,33,340,348,363,2
2918,416,33,1211,2,536,33,340,348,358,2
1295,400,33,598,2,537,33,340,348,367,2
3059,376,33,1705,2,533,33,340,348,362,1
2397,429,33,3069,3,550,88,341,349,363,1
1993,451,33,1190,2,546,33,341,349,373,2
808,443,33,1532,2,548,33,341,349,371,2
1857,495,33,2627,2,545,33,341,349,371,2
829,465,33,1780,2,544,88,341,349,368,2
733,398,33,2649,2,549,33,341,349,369,2
1617,436,33,1178,2,547,33,341,349,369,2
1336,480,33,1409,2,551,33,341,349,362,2
1095,468,33,1212,2,557,33,342,350,367,2
1273,437,33,2673,2,552,33,342,350,360,2
908,488,33,1236,2,558,33,342,350,362,2
2297,422,33,3029,2,556,33,342,350,373,2
3894,504,88,3645,3,561,88,342,350,363,1
2182,485,88,3848,2,560,33,342,350,368,2
1857,495,33,3111,2,559,33,342,350,371,2
1131,489,33,1919,2,553,33,342,350,364,2
1131,489,33,4061,2,554,33,342,350,372,2
666,428,33,2824,2,555,33,342,350,373,2
3737,492,33,4041,2,564,33,343,351,364,2
3341,482,88,360,2,565,37,343,351,375,2
1804,427,33,3259,2,567,33,343,351,369,2
1646,505,88,2482,3,562,88,343,351,367,1
2733,424,33,1342,2,563,33,343,351,372,2
336,445,33,825,3,568,88,343,351,364,2
3341,482,88,4182,2,566,37,343,351,373,2
4106,441,33,3316,2,573,33,344,352,366,2
2980,487,33,2241,2,574,33,344,352,373,2
3417,462,33,3524,2,571,33,344,352,374,2
808,443,33,1497,2,572,33,344,352,375,2
1922,448,33,234,3,570,88,344,352,369,1
4195,454,88,2142,2,569,88,344,352,362,2
4255,472,33,4243,2,576,33,345,353,363,2
303,475,88,2060,3,575,88,345,353,374,1
3650,412,88,3681,2,578,135,345,353,369,2
843,461,33,4308,2,577,33,345,353,374,2
4001,406,33,1933,2,581,33,346,354,369,2
1336,480,33,3295,3,580,88,346,354,367,1
2164,404,33,409,3,579,88,346,354,373,2
74,509,88,366,3,583,88,347,355,376,1
3985,460,33,2561,2,584,33,347,355,379,2
1350,455,33,2168,2,585,33,347,355,379,2
4255,472,33,2969,2,582,88,347,355,374,1
3346,466,33,2908,2,586,33,347,355,370,2
1617,436,33,145,2,589,33,348,356,377,2
3003,479,33,2701,2,588,33,348,356,371,2
280,519,88,4110,3,587,88,348,356,371,1
3223,473,88,3708,3,590,88,349,357,378,1
314,478,33,396,2,591,33,349,357,376,2
3169,510,88,3332,2,592,37,349,357,372,2
2182,485,88,1580,3,593,33,349,357,370,1
1350,455,33,633,2,598,33,350,358,371,2
601,518,88,3473,2,596,33,350,358,379,2
1857,495,33,3483,2,599,33,350,358,369,2
3900,477,33,2546,3,594,88,350,358,368,1
3848,560,33,4287,3,597,33,350,358,372,1
2980,487,33,615,2,595,88,350,358,370,2
3848,560,33,2234,2,601,33,351,359,374,2
2199,418,33,4276,3,605,88,351,359,371,1
3589,507,88,1515,3,604,88,351,359,375,1
1337,528,33,1719,3,600,88,351,359,375,1
4182,566,37,1790,2,602,37,351,359,374,2
3341,482,88,2001,2,603,37,351,359,371,2
2182,485,88,2850,3,608,33,352,360,378,2
3069,550,88,2678,3,606,88,352,360,370,1
74,509,88,1082,2,607,37,352,360,383,2
1928,513,88,2237,3,612,88,353,361,384,1
789,515,88,3294,3,611,88,353,361,377,1
721,523,33,1344,2,610,33,353,361,376,2
4087,522,33,1185,2,609,88,353,361,373,2
2182,485,88,3921,2,616,33,354,362,376,2
3848,560,33,2643,2,614,33,354,362,382,2
3940,500,88,3449,2,613,88,354,362,378,2
3848,560,33,3817,3,615,33,354,362,379,1
74,509,88,3933,3,620,37,355,363,383,1
4061,554,33,3343,3,617,88,355,363,374,1
1933,581,33,252,3,619,33,355,363,387,1
3848,560,33,1407,2,618,33,355,363,374,2
4182,566,37,765,3,624,37,356,364,384,1
2182,485,88,1152,3,623,33,356,364,388,1
3848,560,33,3244,3,622,33,356,364,374,1
3848,560,33,2325,2,621,33,356,364,380,2
2701,588,33,3775,2,625,88,357,365,386,2
2182,485,88,945,3,627,88,357,365,389,1
1580,593,33,2924,3,628,33,357,365,386,1
721,523,33,3304,2,626,88,357,365,379,2
3848,560,33,2747,2,629,33,358,366,387,2
3295,580,88,2913,3,630,88,358,366,376,1
1780,544,88,3377,3,633,37,359,367,377,2
3708,590,88,2838,2,631,88,359,367,382,2
1324,534,33,1628,3,632,88,359,367,387,1
3894,504,88,2862,3,636,88,360,368,388,1
2546,594,88,729,2,634,88,360,368,386,1
3876,499,88,2808,3,641,37,360,368,391,1
3555,520,33,3450,3,637,88,360,368,380,2
74,509,88,3383,3,640,37,360,368,379,1
3169,510,88,1751,3,642,37,360,368,389,2
3483,599,33,1808,3,638,88,360,368,388,1
4276,605,88,1196,3,635,88,360,368,382,1
2850,608,33,2552,3,639,33,360,368,385,1
1790,602,37,4260,3,643,9.9,361,369,388,1
2234,601,33,272,2,644,33,362,370,391,1
2234,601,33,1039,2,651,33,363,371,390,2
4287,597,33,967,3,645,88,363,371,383,1
3921,616,33,3939,2,650,33,363,371,382,2
3294,611,88,1335,2,646,88,363,371,393,2
2649,549,33,1345,2,647,88,363,371,393,2
2850,608,33,2889,2,648,33,363,371,392,2
3921,616,33,730,3,649,33,363,371,390,1
2234,601,33,3880,3,652,33,363,371,391,1
252,619,33,4153,3,656,88,364,372,388,1
1185,609,88,4015,2,654,37,364,372,382,2
1790,602,37,4332,2,655,37,364,372,389,2
2643,614,33,4343,2,653,33,364,372,396,2
3848,560,33,2409,2,662,33,365,373,384,2
3848,560,33,3767,2,663,33,365,373,387,2
3483,599,33,3217,3,658,88,365,373,389,1
4110,587,88,3268,3,664,88,365,373,394,1
3332,592,37,147,3,659,37,365,373,385,2
3708,590,88,1938,3,657,88,365,373,395,1
1407,618,33,2275,2,661,33,365,373,393,2
1407,618,33,2180,2,660,33,365,373,394,2
2325,621,33,235,2,668,33,366,374,393,2
1407,618,33,1250,2,669,33,366,374,384,2
2747,629,33,1251,2,667,33,366,374,392,2
751,524,33,3776,3,666,88,366,374,385,1
1082,607,37,925,2,665,88,366,374,389,2
3294,611,88,243,1,670,88,367,375,398,2
2643,614,33,1950,3,673,33,367,375,387,1
3921,616,33,657,2,672,33,367,375,396,2
751,524,33,3583,3,671,88,367,375,399,1
3848,560,33,1202,2,674,33,367,375,385,2
2850,608,33,1560,3,677,33,368,376,395,2
1751,642,37,667,2,676,37,368,376,388,2
1407,618,33,2413,2,675,33,368,376,395,2
3395,538,33,325,3,678,88,368,376,398,1
3473,596,33,58,2,680,33,369,377,395,2
3921,616,33,1585,2,679,33,369,377,393,2
1719,600,88,821,3,682,88,370,378,396,2
3921,616,33,2152,2,687,33,370,378,392,2
2643,614,33,2062,3,686,33,370,378,398,2
3332,592,37,2370,3,685,37,370,378,397,1
1751,642,37,3657,3,688,37,370,378,389,1
4260,643,9.9,1728,3,683,88,370,378,388,1
2969,582,88,1770,3,689,88,370,378,391,2
2850,608,33,4304,2,684,33,370,378,392,2
3383,640,37,2059,3,681,88,370,378,399,1
3377,633,37,2364,2,691,88,371,379,390,2
2325,621,33,1240,2,694,33,371,379,402,2
1039,651,33,159,2,692,33,371,379,395,2
2643,614,33,2393,3,690,88,371,379,393,1
4110,587,88,392,3,693,88,371,379,403,1
2889,648,33,3565,2,696,33,372,380,391,2
1185,609,88,3753,2,699,37,372,380,397,2
2889,648,33,4310,2,701,33,372,380,391,2
2325,621,33,3685,3,700,33,372,380,395,1
272,644,33,2390,2,702,88,372,380,401,2
1335,646,88,4051,2,697,37,372,380,398,2
2889,648,33,2176,3,695,33,372,380,403,1
1407,618,33,3842,3,698,33,372,380,403,1
2850,608,33,1427,2,709,33,373,381,405,2
2325,621,33,895,2,707,33,373,381,396,2
3244,622,33,545,3,703,88,373,381,391,1
2325,621,33,104,2,706,33,373,381,400,2
967,645,88,940,3,705,88,373,381,398,1
730,649,33,1774,3,704,88,373,381,392,1
3921,616,33,3599,2,708,33,373,381,391,2
2234,601,33,4174,2,717,33,374,382,403,1
3775,625,88,2929,2,711,37,374,382,398,2
2234,601,33,1989,2,715,33,374,382,399,2
2234,601,33,2202,2,716,33,374,382,406,2
2275,661,33,1429,2,712,33,374,382,405,2
2234,601,33,3477,2,718,33,374,382,406,2
3775,625,88,2018,2,710,37,374,382,406,2
2325,621,33,129,2,714,33,374,382,404,2
3939,650,33,538,3,713,33,374,382,402,2
1039,651,33,2921,2,727,33,375,383,402,2
2643,614,33,1259,2,728,33,375,383,400,2
3921,616,33,3427,2,723,33,375,383,396,2
2325,621,33,989,2,729,33,375,383,394,2
1039,651,33,1653,2,726,33,375,383,400,2
3921,616,33,1633,2,722,33,375,383,406,2
2275,661,33,1583,2,725,33,375,383,399,2
2924,628,33,1192,2,719,88,375,383,403,2
2850,608,33,3960,3,724,33,375,383,395,1
2850,608,33,3628,3,720,88,375,383,407,2
2561,584,33,1067,2,731,33,375,383,394,2
1950,673,33,2480,2,730,33,375,383,406,2
2409,662,33,2256,2,721,33,375,383,393,2
3383,640,37,3068,3,732,88,376,384,400,1
1202,674,33,1869,2,734,33,376,384,403,2
3767,663,33,1333,2,733,33,376,384,408,2
243,670,88,2694,2,739,45,377,385,400,2
1202,674,33,758,2,737,33,377,385,401,2
1152,623,33,471,3,735,88,377,385,398,1
2643,614,33,2742,2,738,33,377,385,404,2
1560,677,33,2327,2,736,33,377,385,405,2
3775,625,88,1920,2,740,37,377,385,400,2
657,672,33,318,2,744,33,378,386,398,2
4343,653,33,2399,2,742,33,378,386,405,2
2643,614,33,1482,2,741,33,378,386,410,2
1751,642,37,847,2,745,37,378,386,407,2
3939,650,33,1586,2,743,33,378,386,404,2
2325,621,33,1778,2,746,33,378,386,396,2
2152,687,33,4165,2,752,33,379,387,409,2
667,676,37,15,3,747,88,379,387,399,1
1585,679,33,1097,2,748,33,379,387,409,2
945,627,88,3374,3,754,88,379,387,401,1
3939,650,33,1573,2,749,33,379,387,411,2
1751,642,37,1644,3,753,37,379,387,401,2
1560,677,33,335,2,750,33,379,387,403,2
2325,621,33,3904,2,751,33,379,387,410,2
2059,681,88,2351,2,755,88,380,388,405,2
235,668,33,2466,2,757,33,380,388,403,2
2643,614,33,3042,3,756,33,380,388,408,1
2409,662,33,3030,3,767,33,381,389,404,2
3939,650,33,2438,2,766,33,381,389,413,2
272,644,33,4285,3,758,88,381,389,399,1
1751,642,37,2208,3,761,37,381,389,406,1
3599,708,33,2717,2,764,33,381,389,399,2
4015,654,37,4217,3,759,37,381,389,405,1
545,703,88,3807,3,763,88,381,389,400,1
4343,653,33,3182,2,762,33,381,389,406,2
2747,629,33,4173,2,765,33,381,389,399,2
2152,687,33,3656,2,760,33,381,389,402,2
2643,614,33,1064,2,774,33,382,390,401,2
3767,663,33,689,2,770,33,382,390,402,2
392,693,88,3064,2,768,88,382,390,412,2
2747,629,33,4214,2,775,33,382,390,410,2
129,714,33,4245,2,769,33,382,390,400,2
2889,648,33,830,2,773,33,382,390,407,2
4343,653,33,246,2,771,33,382,390,412,2
2018,710,37,4257,3,772,37,382,390,413,2
3767,663,33,2114,2,778,33,383,391,409,2
2921,727,33,1089,2,779,33,383,391,404,2
3880,652,33,2914,3,777,88,383,391,415,1
1808,638,88,1786,3,776,88,383,391,415,2
1583,725,33,1020,3,780,88,383,391,407,1
1869,734,33,965,2,787,33,384,392,412,1
2747,629,33,3507,3,782,88,384,392,413,1
235,668,33,3905,2,783,33,384,392,413,2
1202,674,33,3162,2,784,33,384,392,404,2
895,707,33,3336,2,786,33,384,392,416,2
765,624,37,4224,3,781,88,384,392,408,1
2480,730,33,1575,2,785,33,384,392,404,2
2180,660,33,1779,2,788,33,384,392,415,2
1989,715,33,3328,3,789,88,385,393,415,2
1560,677,33,1177,3,790,88,385,393,410,1
4304,684,33,1569,2,792,33,385,393,416,2
2062,686,33,1013,2,793,33,385,393,409,2
1585,679,33,1282,2,795,33,385,393,403,2
1429,712,33,157,2,796,33,385,393,408,2
159,692,33,1566,2,791,33,385,393,407,2
129,714,33,2475,2,797,33,385,393,408,2
3599,708,33,1812,2,794,33,385,393,417,2
2180,660,33,1839,2,800,33,386,394,407,2
2889,648,33,1858,2,801,33,386,394,408,1
3565,696,33,4208,2,798,33,386,394,417,2
1192,719,88,3824,2,799,33,386,394,415,2
318,744,33,138,3,803,88,387,395,412,1
2176,695,33,13,2,802,88,387,395,410,2
159,692,33,3366,2,809,33,387,395,419,2
2180,660,33,2036,2,810,33,387,395,406,1
58,680,33,2771,2,805,33,387,395,413,2
1192,719,88,49,2,807,33,387,395,415,2
4310,701,33,160,2,808,33,387,395,414,2
1429,712,33,2866,2,806,33,387,395,411,2
2480,730,33,2936,3,804,88,387,395,409,1
657,672,33,2019,2,813,33,388,396,412,2
2466,757,33,3742,2,814,33,388,396,406,2
1778,746,33,2098,2,812,33,388,396,418,2
2152,687,33,1567,2,811,33,388,396,413,1
1560,677,33,849,3,816,88,389,397,413,1
2275,661,33,1593,2,818,33,389,397,419,2
4343,653,33,1657,2,820,33,389,397,412,2
1583,725,33,2265,3,815,88,389,397,409,1
1039,651,33,2269,2,819,33,389,397,417,2
3753,699,37,1154,3,817,37,389,397,409,1
58,680,33,1278,2,825,33,390,398,418,2
3904,751,33,1730,2,821,33,390,398,415,2
235,668,33,782,2,824,33,390,398,418,2
2390,702,88,2704,3,823,37,390,398,412,1
1039,651,33,4216,2,822,33,390,398,419,2
3599,708,33,2348,2,833,33,391,399,419,2
989,729,33,1746,2,831,33,391,399,416,2
3042,756,33,2666,3,832,88,391,399,414,2
1573,749,33,3549,2,829,33,391,399,410,2
2275,661,33,2775,2,827,33,391,399,417,2
1259,728,33,1679,2,830,33,391,399,418,2
3842,698,33,1201,3,826,88,391,399,413,1
4257,772,37,1195,2,828,37,391,399,410,2
1778,746,33,1979,3,834,88,392,400,414,1
2742,738,33,631,2,837,33,392,400,420,2
1482,741,33,3513,2,838,33,392,400,412,2
1429,712,33,3331,2,836,33,392,400,413,2
3904,751,33,2589,2,839,33,392,400,423,2
895,707,33,436,3,840,9.9,392,400,413,1
235,668,33,3803,2,835,33,392,400,416,2
4214,775,33,274,3,843,88,393,401,417,1
2062,686,33,2279,3,842,88,393,401,411,2
989,729,33,694,2,844,33,393,401,420,2
2062,686,33,653,2,841,88,393,401,424,2
4343,653,33,1883,2,845,33,394,402,415,2
4173,765,33,4123,2,847,33,394,402,418,2
1569,792,33,127,2,846,33,394,402,415,2
1633,722,33,4220,2,851,88,395,403,415,2
3064,768,88,2836,3,850,88,395,403,414,1
1020,780,88,1171,3,848,88,395,403,426,1
160,808,33,2951,2,852,33,395,403,417,2
1653,726,33,2263,3,849,88,395,403,422,1
1920,740,37,671,2,853,37,396,404,415,2
2390,702,88,3757,2,854,37,397,405,427,2
2036,810,33,362,3,855,88,397,405,426,1
318,744,33,2834,2,856,33,398,406,417,2
2202,716,33,1321,3,858,88,400,408,425,1
2036,810,33,3275,3,857,88,400,408,426,1
2390,702,88,3416,3,861,88,401,409,428,1
2704,823,37,1232,3,867,88,401,409,423,1
246,771,33,1217,2,863,88,401,409,426,2
4217,759,37,4325,3,859,88,401,409,420,1
13,802,88,3226,3,865,37,401,409,432,1
2348,833,33,1631,3,864,33,401,409,419,1
1779,788,33,2803,3,862,88,401,409,428,2
1573,749,33,76,3,860,88,401,409,423,1
4217,759,37,3185,3,866,88,401,409,432,1
1333,733,33,180,3,868,9.9,401,409,421,1
847,745,37,1471,3,869,88,402,410,422,2
274,843,88,3701,3,870,88,403,411,433,2
274,843,88,2253,2,871,88,404,412,435,2
4214,775,33,441,2,872,88,404,412,428,2
4165,752,33,453,3,873,88,405,413,436,1
4257,772,37,148,3,874,88,405,413,436,1
2348,833,33,4289,3,875,88,405,413,425,1
2202,716,33,741,3,877,88,406,414,434,2
1154,817,37,1433,2,876,88,406,414,434,2
2666,832,88,2359,2,878,9.9,407,415,429,2
1278,825,33,3577,2,879,33,408,416,433,2
160,808,33,214,3,881,88,409,417,441,2
1177,790,88,1198,3,882,88,409,417,437,2
1321,858,88,596,3,880,88,409,417,430,1
1171,848,88,2752,2,883,88,410,418,440,2
3226,865,37,1475,2,884,88,410,418,441,2
3185,866,88,3897,3,889,88,411,419,432,1
1217,863,88,1266,2,887,37,411,419,443,2
1569,792,33,2094,2,890,9.9,411,419,435,2
1217,863,88,3869,3,888,37,411,419,430,1
4325,859,88,791,3,885,88,411,419,443,1
3366,809,33,2799,3,886,88,411,419,435,2
274,843,88,2819,2,891,88,412,420,438,2
1746,831,33,3802,3,892,88,412,420,430,1
4220,851,88,1263,4,894,25,413,421,432,2
2019,813,33,1492,3,893,88,413,421,434,1
4208,798,33,2835,3,898,33,414,422,446,1
362,855,88,258,2,896,88,414,422,433,2
3226,865,37,2187,3,895,88,414,422,439,1
362,855,88,2652,3,897,88,414,422,441,1
4220,851,88,652,4,899,25,414,422,435,2
2359,878,9.9,2120,2,900,37,416,424,444,2
1321,858,88,713,2,901,88,419,427,437,2
1475,884,88,1605,3,902,33,419,427,439,1
653,841,88,2871,2,905,37,420,428,442,2
441,872,88,3669,3,903,88,420,428,446,2
1475,884,88,738,2,904,33,420,428,440,2
3701,870,88,1329,3,909,88,421,429,446,1
1433,876,88,2441,3,908,37,421,429,445,1
2752,883,88,464,3,906,88,421,429,449,1
441,872,88,3756,2,907,37,421,429,449,2
1475,884,88,1838,2,911,33,422,430,453,2
258,896,88,2675,2,912,37,422,430,440,1
3802,892,88,2274,3,910,88,422,430,440,1
2094,890,9.9,975,3,914,37,423,431,444,1
1475,884,88,2630,2,917,33,424,432,449,2
2835,898,33,2304,3,918,88,424,432,445,1
2120,900,37,2542,3,919,37,424,432,442,1
3185,866,88,3833,3,923,88,425,433,447,2
1475,884,88,1655,2,922,33,425,433,449,1
2120,900,37,3444,2,925,37,426,434,456,2
1433,876,88,430,2,926,37,426,434,447,2
258,896,88,3914,2,930,37,428,436,455,2
1475,884,88,2522,2,932,33,428,436,452,2
1266,887,37,2912,2,931,37,428,436,459,2
738,904,33,4104,3,938,33,429,437,450,1
1475,884,88,643,2,937,33,429,437,461,2
1838,911,33,3320,2,942,33,430,438,451,1
1492,893,88,2254,3,943,88,430,438,452,2
1838,911,33,3158,2,947,33,431,439,460,2
2630,917,33,488,2,952,33,432,440,458,2
1475,884,88,2939,2,953,33,432,440,464,2
2630,917,33,2507,2,951,33,432,440,460,2
2675,912,37,3460,2,948,88,432,440,454,2
2630,917,33,654,2,950,33,432,440,455,2
453,873,88,3592,2,954,88,433,441,456,2
2871,905,37,1405,3,959,37,433,441,465,2
1475,884,88,4016,2,958,33,433,441,461,1
738,904,33,2377,3,957,33,433,441,462,1
1838,911,33,981,3,964,33,434,442,457,1
2304,918,88,1635,3,960,88,434,442,453,1
1655,922,33,113,3,965,88,434,442,466,2
1475,884,88,2467,3,963,33,434,442,460,1
738,904,33,2597,2,962,33,434,442,455,2
2274,910,88,3322,3,966,88,434,442,463,1
2630,917,33,539,2,968,33,435,443,466,2
738,904,33,2735,3,967,33,435,443,461,2
2304,918,88,4321,3,969,88,436,444,464,1
2630,917,33,1699,2,971,33,437,445,468,2
1655,922,33,1318,3,970,88,437,445,468,1
738,904,33,3140,2,972,33,437,445,461,2
1475,884,88,4324,3,974,33,438,446,463,1
2630,917,33,1438,2,973,33,438,446,469,2
1838,911,33,3831,2,975,33,438,446,467,2
3158,947,33,900,2,980,33,439,447,470,1
975,914,37,3091,3,976,88,439,447,468,2
2630,917,33,1449,2,984,33,439,447,471,2
2871,905,37,3594,2,983,37,439,447,466,2
738,904,33,3154,3,978,33,439,447,459,1
2522,932,33,1359,2,981,33,439,447,463,2
738,904,33,712,3,977,33,439,447,466,1
1475,884,88,3725,2,985,33,439,447,463,2
2522,932,33,3152,3,982,33,439,447,457,2
1475,884,88,875,3,979,33,439,447,471,1
2630,917,33,3868,3,986,33,440,448,472,1
654,950,33,1651,2,990,33,440,448,466,2
2522,932,33,2386,2,989,33,440,448,472,2
1838,911,33,3633,3,987,33,440,448,472,2
3460,948,88,2360,3,988,37,440,448,463,1
3460,948,88,2411,2,996,37,441,449,472,2
3158,947,33,1634,2,995,33,441,449,462,2
214,881,88,4140,3,992,88,441,449,460,1
654,950,33,3867,2,993,33,441,449,472,2
1838,911,33,1437,2,994,33,441,449,461,2
2377,957,33,4290,2,997,33,441,449,464,2
3320,942,33,267,2,991,88,441,449,468,2
975,914,37,260,3,998,88,441,449,473,1
643,937,33,3045,2,1001,33,442,450,461,2
1838,911,33,1160,3,999,33,442,450,465,2
3158,947,33,725,2,1002,33,442,450,474,2
2507,951,33,3822,2,1000,33,442,450,466,2
4016,958,33,3962,3,1004,88,443,451,474,2
2939,953,33,429,2,1005,33,443,451,467,2
2377,957,33,2242,3,1003,88,443,451,468,1
2735,967,33,4282,2,1009,33,444,452,464,2
2939,953,33,632,2,1010,33,444,452,468,2
488,952,33,794,2,1008,33,444,452,475,2
2630,917,33,1960,3,1006,33,444,452,476,1
539,968,33,254,2,1007,33,444,452,468,2
430,926,37,673,3,1011,37,444,452,475,1
2377,957,33,2031,3,1012,88,445,453,474,1
1838,911,33,952,2,1016,33,445,453,470,2
3158,947,33,3519,2,1013,88,445,453,468,2
1699,971,33,2210,2,1017,33,445,453,463,2
2254,943,88,1104,3,1014,37,445,453,472,1
2507,951,33,2990,2,1015,33,445,453,474,2
1838,911,33,1701,2,1018,33,446,454,464,2
539,968,33,4323,2,1019,33,446,454,472,2
3460,948,88,142,2,1020,37,446,454,469,2
643,937,33,3641,2,1025,33,447,455,465,2
1449,984,33,1034,2,1021,33,447,455,465,2
3725,985,33,3679,2,1027,33,447,455,470,2
1449,984,33,3726,2,1022,33,447,455,471,2
3725,985,33,1836,2,1026,33,447,455,470,2
539,968,33,2706,2,1024,33,447,455,473,2
3140,972,33,1553,2,1023,33,447,455,478,2
1838,911,33,3928,2,1028,33,447,455,473,1
1838,911,33,4171,3,1029,33,447,455,469,1
3633,987,33,3283,2,1033,33,448,456,480,2
2630,917,33,2815,2,1036,33,448,456,467,2
3831,975,33,2917,2,1030,33,448,456,467,1
3633,987,33,3423,2,1034,33,448,456,472,2
2735,967,33,1693,2,1031,33,448,456,472,2
654,950,33,461,2,1032,33,448,456,474,2
2522,932,33,3935,3,1037,33,448,456,470,2
1699,971,33,2581,2,1035,33,448,456,479,2
3867,993,33,1463,2,1039,33,449,457,480,2
3831,975,33,3727,2,1041,33,449,457,473,2
2735,967,33,525,2,1038,33,449,457,472,2
3152,982,33,1582,2,1040,33,449,457,479,2
1634,995,33,1371,2,1044,33,450,458,481,2
725,1002,33,584,2,1046,33,450,458,476,2
1438,973,33,2317,2,1042,33,450,458,468,2
3594,983,37,2570,2,1045,37,450,458,474,2
1699,971,33,1267,2,1043,33,450,458,475,2
1634,995,33,1578,2,1047,33,450,458,475,2
3725,985,33,3438,2,1055,33,451,459,471,2
3152,982,33,311,2,1048,33,451,459,476,2
429,1005,33,1305,2,1050,33,451,459,474,2
3725,985,33,4181,2,1056,33,451,459,479,2
643,937,33,1918,2,1051,33,451,459,474,2
2939,953,33,3017,2,1053,33,451,459,478,2
2522,932,33,1233,2,1049,33,451,459,469,2
3822,1000,33,2147,2,1054,33,451,459,480,2
3867,993,33,3593,2,1058,33,451,459,482,2
3831,975,33,831,2,1052,33,451,459,475,1
3045,1001,33,80,2,1057,33,451,459,470,2
2522,932,33,1326,3,1059,88,451,459,477,1
1651,990,33,3480,2,1062,33,452,460,472,2
3831,975,33,4066,2,1063,33,452,460,482,2
1651,990,33,3421,3,1061,33,452,460,473,1
3444,925,37,2362,2,1065,37,452,460,473,2
2939,953,33,4229,2,1060,33,452,460,479,2
254,1007,33,4030,2,1064,33,452,460,476,2
429,1005,33,2207,2,1067,33,453,461,485,2
1405,959,37,4213,2,1070,37,453,461,477,2
1651,990,33,2278,2,1071,33,453,461,481,2
1160,999,33,2794,2,1068,33,453,461,484,2
1437,994,33,3646,2,1069,33,453,461,471,2
632,1010,33,16,2,1072,33,453,461,478,2
2467,963,33,2651,2,1066,88,453,461,475,2
3158,947,33,2213,2,1073,88,454,462,486,2
4323,1019,33,3402,2,1075,33,455,463,478,2
3592,954,88,3053,2,1076,37,455,463,486,2
3154,978,33,1692,3,1074,88,455,463,484,2
1651,990,33,2258,2,1078,33,455,463,481,2
1359,981,33,3066,2,1077,33,455,463,474,2
3045,1001,33,556,2,1081,33,456,464,481,2
3633,987,33,720,2,1079,33,456,464,477,2
3140,972,33,1807,2,1080,33,456,464,488,2
2815,1036,33,3902,2,1084,33,457,465,487,2
3867,993,33,1597,2,1085,33,457,465,479,1
2467,963,33,868,2,1082,88,457,465,484,2
3727,1041,33,162,2,1083,33,457,465,475,2
3045,1001,33,2089,2,1087,33,458,466,476,2
794,1008,33,403,2,1090,33,458,466,478,2
3867,993,33,468,2,1089,33,458,466,489,2
2317,1042,33,2562,2,1088,33,458,466,486,2
794,1008,33,4286,3,1086,88,458,466,480,1
113,965,88,2877,3,1097,88,459,467,483,1
725,1002,33,3205,2,1096,33,459,467,489,2
113,965,88,3307,3,1094,88,459,467,478,1
3519,1013,88,3689,2,1095,37,459,467,489,2
3322,966,88,1772,3,1092,88,459,467,484,1
4290,997,33,2004,2,1100,33,460,468,491,1
3480,1062,33,2770,2,1098,33,460,468,491,2
1699,971,33,788,2,1104,33,460,468,488,2
1634,995,33,3004,2,1105,33,460,468,489,2
142,1020,37,1063,3,1103,37,460,468,487,1
584,1046,33,3150,2,1101,33,460,468,482,1
1918,1051,33,317,2,1102,33,460,468,487,1
3017,1053,33,2964,2,1099,33,460,468,491,2
1699,971,33,2949,2,1110,33,461,469,479,1
2317,1042,33,2777,3,1108,88,461,469,484,1
80,1057,33,2083,2,1109,33,461,469,485,2
2939,953,33,1737,2,1111,33,461,469,483,2
673,1011,37,2431,2,1112,88,461,469,492,2
260,998,88,2833,3,1106,88,461,469,488,1
3962,1004,88,2503,3,1107,88,461,469,488,1
1918,1051,33,3777,2,1116,33,462,470,483,1
4324,974,33,2396,2,1119,135,462,470,487,2
632,1010,33,285,2,1118,33,462,470,492,1
1582,1040,33,892,3,1115,88,462,470,489,1
525,1038,33,2244,2,1117,33,462,470,488,2
3322,966,88,3943,1,1114,88,462,470,491,2
2242,1003,88,2826,3,1113,88,462,470,491,1
2278,1071,33,4300,3,1121,88,463,471,484,1
3053,1076,37,1092,2,1123,37,463,471,487,2
3322,966,88,2633,3,1124,88,463,471,487,2
1699,971,33,1159,2,1122,33,463,471,486,2
900,980,33,2221,3,1120,88,463,471,487,2
584,1046,33,914,3,1125,88,464,472,493,1
3646,1069,33,3212,2,1127,33,465,473,487,2
2362,1065,37,3724,3,1129,88,465,473,496,2
3646,1069,33,3172,2,1128,33,465,473,493,2
2581,1035,33,3481,2,1126,33,465,473,486,2
3928,1028,33,43,3,1133,88,466,474,487,2
16,1072,33,1187,3,1130,88,466,474,494,1
3066,1077,33,3773,2,1131,33,466,474,496,2
2581,1035,33,3537,2,1132,33,466,474,488,2
868,1082,88,87,2,1135,37,467,475,491,2
3307,1094,88,3951,3,1136,88,467,475,490,1
584,1046,33,3861,2,1134,33,467,475,495,2
3689,1095,37,1024,2,1138,37,468,476,488,2
584,1046,33,2423,2,1139,33,468,476,486,2
2317,1042,33,1457,2,1140,33,468,476,488,2
1692,1074,88,2342,3,1137,88,468,476,488,1
2242,1003,88,168,3,1141,88,469,477,488,1
3868,986,33,2728,2,1143,135,469,477,493,2
2278,1071,33,2215,3,1142,88,469,477,499,2
3593,1058,33,1125,1,1144,88,469,477,498,2
3962,1004,88,3089,2,1147,88,471,479,494,2
3004,1105,33,2136,3,1146,88,471,479,495,2
1463,1039,33,4000,2,1148,33,471,479,500,2
2777,1108,88,2478,3,1145,88,471,479,499,1
2964,1099,33,1094,3,1151,88,472,480,503,1
3726,1022,33,2892,3,1152,88,472,480,495,2
3017,1053,33,1936,3,1149,88,472,480,492,2
4229,1060,33,2228,3,1150,88,472,480,501,2
1063,1103,37,816,3,1153,88,473,481,504,2
2431,1112,88,3499,2,1155,37,473,481,496,2
4066,1063,33,3979,2,1154,33,473,481,493,2
43,1133,88,798,3,1159,88,474,482,496,1
1326,1059,88,4045,3,1158,88,474,482,505,1
1463,1039,33,4309,2,1157,33,474,482,495,2
2278,1071,33,2427,3,1156,88,474,482,504,2
2794,1068,33,2439,3,1160,88,475,483,493,1
2503,1107,88,1252,3,1161,88,476,484,502,1
2877,1097,88,4095,3,1163,88,477,485,500,2
2004,1100,33,1843,2,1162,88,477,485,502,2
2342,1137,88,358,3,1164,88,478,486,503,1
1092,1123,37,2774,2,1165,37,478,486,508,2
2964,1099,33,2146,3,1166,88,479,487,506,1
2431,1112,88,564,3,1167,88,479,487,508,1
2244,1117,33,3510,2,1168,33,480,488,509,2
2633,1124,88,1835,3,1171,88,481,489,499,1
1807,1080,33,856,3,1169,33,481,489,512,1
4300,1121,88,4184,3,1170,88,481,489,513,2
2877,1097,88,125,3,1174,88,482,490,502,1
1159,1122,33,1182,1,1172,88,482,490,508,2
868,1082,88,3536,3,1173,37,482,490,508,2
3689,1095,37,3157,3,1177,88,483,491,503,1
3205,1096,33,1885,2,1178,33,483,491,507,2
1094,1151,88,2090,2,1176,88,483,491,510,2
798,1159,88,586,2,1175,88,483,491,514,1
2004,1100,33,3839,2,1179,88,484,492,506,2
1094,1151,88,3516,3,1181,88,484,492,504,1
1094,1151,88,1132,3,1180,88,484,492,515,1
4300,1121,88,1340,3,1182,88,485,493,512,1
3689,1095,37,2051,3,1183,37,485,493,511,1
2478,1145,88,1905,3,1185,88,486,494,509,1
2503,1107,88,1279,3,1186,88,487,495,508,1
1092,1123,37,3170,2,1187,88,487,495,519,2
2431,1112,88,676,3,1188,88,487,495,510,1
2342,1137,88,1354,3,1189,88,488,496,515,2
3510,1168,33,194,2,1191,88,490,498,508,1
798,1159,88,4098,1,1190,88,490,498,520,2
798,1159,88,3200,3,1194,88,491,499,523,2
1094,1151,88,995,3,1192,88,491,499,517,1
2439,1160,88,2350,3,1196,88,491,499,513,1
798,1159,88,928,3,1193,88,491,499,509,2
2090,1176,88,2111,2,1195,37,491,499,511,2
2136,1146,88,3218,3,1198,88,492,500,521,1
2431,1112,88,2555,3,1197,88,492,500,511,1
2431,1112,88,2741,2,1200,88,493,501,515,2
358,1164,88,1490,2,1199,88,493,501,517,2
856,1169,33,3734,3,1202,88,497,505,520,2
1132,1180,88,1151,2,1203,88,498,506,530,2
856,1169,33,1389,3,1206,88,499,507,529,2
194,1191,88,1602,3,1204,88,499,507,529,1
4098,1190,88,966,3,1205,9.9,499,507,522,2
1843,1162,88,3605,3,1207,37,500,508,524,2
3516,1181,88,3816,2,1208,88,501,509,527,2
1252,1161,88,2974,3,1210,88,502,510,533,1
2774,1165,37,1382,2,1211,37,503,511,530,2
676,1188,88,878,3,1212,88,503,511,522,1
2741,1200,88,783,2,1213,37,504,512,535,2
2146,1166,88,4013,1,1214,88,505,513,527,2
3734,1202,88,3672,3,1215,88,506,514,524,1
2111,1195,37,745,3,1217,37,509,517,527,2
4098,1190,88,2113,3,1219,88,514,522,534,1
995,1192,88,3001,3,1220,88,516,524,534,1
3816,1208,88,3280,1,1223,88,519,527,537,2
3218,1198,88,2239,3,1222,88,519,527,543,2
878,1212,88,3380,3,1224,88,522,530,553,1
1382,1211,37,1622,2,1227,37,524,532,543,2
1389,1206,88,2086,3,1228,88,529,537,560,1
2113,1219,88,3181,2,1230,88,532,540,555,2
2113,1219,88,2594,3,1231,88,533,541,562,1
3181,1230,88,2488,2,1234,37,544,552,563,2
2086,1228,88,3688,3,1235,88,546,554,573,1
3181,1230,88,328,2,1236,37,548,556,579,2
2488,1234,37,814,2,1237,37,559,567,584,2
