0,0,0,648,1,1,0,0,1,18,2
0,0,0,3187,2,2,0,0,1,21,2
3187,2,0,1505,2,3,33,1,9,29,2
3187,2,0,3125,2,5,33,2,10,20,2
3187,2,0,902,3,4,33,2,10,23,2
3187,2,0,1718,2,6,33,3,11,24,2
3187,2,0,2162,2,7,33,3,11,23,2
3187,2,0,445,2,8,33,5,13,29,2
3187,2,0,1492,3,9,33,5,13,25,2
3187,2,0,4226,3,11,33,6,14,25,1
3187,2,0,437,3,10,33,6,14,36,1
3187,2,0,2015,4,12,25,7,15,25,1
3187,2,0,3685,3,14,33,8,16,33,1
3187,2,0,3171,3,13,88,8,16,33,1
3187,2,0,337,3,15,33,9,17,37,1
3125,5,33,704,3,16,33,10,18,38,2
902,4,33,1746,3,17,33,10,18,29,1
3125,5,33,2926,3,18,33,10,18,38,1
1505,3,33,765,3,26,25,11,19,40,1
3125,5,33,29,3,24,33,11,19,32,1
2162,7,33,323,2,22,33,11,19,31,2
1505,3,33,3789,4,27,25,11,19,31,1
3125,5,33,2139,3,20,33,11,19,32,1
902,4,33,2542,2,23,33,11,19,36,2
3125,5,33,126,2,19,33,11,19,38,2
1505,3,33,689,4,25,25,11,19,35,1
3125,5,33,3886,2,21,33,11,19,38,2
902,4,33,1645,3,30,33,12,20,31,1
902,4,33,4283,2,32,33,12,20,44,2
1505,3,33,2756,3,28,88,12,20,44,1
648,1,0,856,1,34,45,12,20,34,2
1718,6,33,552,2,29,33,12,20,44,2
3187,2,0,2495,3,33,33,12,20,44,1
902,4,33,3978,3,31,33,12,20,31,1
3125,5,33,1289,2,35,33,12,20,44,2
3125,5,33,2680,2,37,33,13,21,39,2
902,4,33,2710,3,44,9.9,13,21,40,1
3125,5,33,3738,2,38,33,13,21,42,2
1505,3,33,681,3,42,33,13,21,42,1
2162,7,33,3656,3,39,33,13,21,34,1
1492,9,33,45,2,40,33,13,21,34,2
902,4,33,3674,4,43,25,13,21,38,1
3125,5,33,241,2,36,33,13,21,33,2
1492,9,33,557,2,41,33,13,21,45,2
1718,6,33,3174,2,49,33,14,22,33,1
648,1,0,3283,1,51,45,14,22,32,1
1718,6,33,3469,3,50,33,14,22,40,1
1505,3,33,884,3,48,33,14,22,32,1
3187,2,0,2772,2,53,33,14,22,38,2
437,10,33,4006,3,52,33,14,22,43,1
1505,3,33,937,1,45,88,14,22,35,2
3125,5,33,2776,2,55,33,14,22,43,2
3125,5,33,2446,3,46,33,14,22,34,1
2162,7,33,1482,2,54,33,14,22,36,2
902,4,33,1088,2,47,33,14,22,39,2
3125,5,33,4211,2,60,33,15,23,46,2
445,8,33,2012,1,58,33,15,23,41,2
445,8,33,2293,3,59,33,15,23,33,2
1492,9,33,1183,3,62,33,15,23,43,1
445,8,33,4164,2,63,33,15,23,45,2
3187,2,0,883,2,57,33,15,23,39,2
1492,9,33,906,3,61,33,15,23,34,1
445,8,33,3936,3,56,88,15,23,45,1
648,1,0,90,3,66,88,16,24,39,1
1718,6,33,529,3,68,33,16,24,38,1
3187,2,0,1215,2,67,33,16,24,35,2
3125,5,33,3426,2,69,33,16,24,43,2
2015,12,25,3243,4,65,25,16,24,36,1
3685,14,33,2569,2,70,33,16,24,48,2
2015,12,25,1078,4,64,25,16,24,41,1
902,4,33,633,2,74,33,17,25,43,2
902,4,33,3821,2,75,33,17,25,41,2
2015,12,25,1989,4,71,25,17,25,38,1
1718,6,33,2850,2,73,33,17,25,41,2
3125,5,33,2025,2,76,33,17,25,45,2
1492,9,33,3402,2,72,33,17,25,35,2
2015,12,25,4207,4,82,25,18,26,39,2
2015,12,25,1016,4,78,25,18,26,45,1
2015,12,25,582,4,77,25,18,26,39,1
704,16,33,3398,3,86,33,18,26,40,1
704,16,33,1326,2,85,33,18,26,40,2
1718,6,33,1435,2,88,33,18,26,46,2
2015,12,25,2851,4,80,25,18,26,38,1
2015,12,25,1106,4,79,25,18,26,49,1
3187,2,0,3105,2,83,33,18,26,40,2
2015,12,25,3060,4,81,25,18,26,38,1
1718,6,33,3110,2,89,33,18,26,49,2
3125,5,33,3491,2,87,33,18,26,37,2
3685,14,33,1166,2,92,135,18,26,40,2
3187,2,0,3141,2,84,33,18,26,48,2
2162,7,33,306,4,90,25,18,26,45,1
1718,6,33,4130,2,91,33,18,26,44,2
3125,5,33,3050,2,96,33,19,27,45,2
29,24,33,1898,2,101,135,19,27,41,2
323,22,33,3550,2,95,33,19,27,48,2
1505,3,33,2166,3,102,9.9,19,27,43,2
704,16,33,2263,3,94,88,19,27,51,2
445,8,33,177,2,100,33,19,27,38,2
445,8,33,2928,2,97,33,19,27,41,2
3171,13,88,923,2,99,135,19,27,51,2
2015,12,25,3486,4,93,25,19,27,51,2
29,24,33,2763,2,98,33,19,27,51,2
1505,3,33,1068,2,110,33,20,28,39,2
3886,21,33,768,2,108,33,20,28,45,2
2015,12,25,3844,4,103,25,20,28,38,1
3125,5,33,2072,2,115,33,20,28,49,2
2495,33,33,859,2,113,33,20,28,49,2
2542,23,33,147,2,111,33,20,28,40,2
2756,28,88,1488,2,118,135,20,28,41,2
704,16,33,1890,2,106,33,20,28,42,2
552,29,33,1699,2,107,33,20,28,44,2
3187,2,0,3331,2,112,33,20,28,41,2
445,8,33,3361,4,117,25,20,28,49,1
445,8,33,3018,4,116,25,20,28,52,1
3886,21,33,2432,2,109,33,20,28,38,2
3978,31,33,3063,2,114,33,20,28,43,2
902,4,33,3976,3,105,88,20,28,49,1
1746,17,33,2541,3,104,88,20,28,52,1
3789,27,25,2566,4,119,25,21,29,46,1
2680,37,33,1575,2,126,33,21,29,50,2
1645,30,33,4127,3,120,88,21,29,52,1
1289,35,33,4315,2,121,88,21,29,46,2
2162,7,33,1497,2,129,33,21,29,46,2
3187,2,0,3274,2,124,33,21,29,52,2
552,29,33,4223,2,128,33,21,29,43,2
1289,35,33,2369,2,130,33,21,29,47,2
2680,37,33,661,2,125,33,21,29,44,2
557,41,33,4053,2,133,33,21,29,39,2
3187,2,0,3087,2,123,33,21,29,42,2
3674,43,25,3284,4,132,25,21,29,53,2
557,41,33,2324,2,131,33,21,29,41,2
1505,3,33,2110,2,127,33,21,29,43,2
1492,9,33,403,2,122,33,21,29,53,2
3674,43,25,2632,4,139,25,22,30,46,1
3674,43,25,848,4,136,25,22,30,41,1
3171,13,88,294,3,134,88,22,30,40,1
3674,43,25,932,4,137,25,22,30,50,1
884,48,33,4194,2,147,33,22,30,53,2
323,22,33,2133,3,149,9.9,22,30,40,1
3674,43,25,1667,4,138,25,22,30,41,1
445,8,33,2497,2,142,33,22,30,44,2
557,41,33,2269,2,146,33,22,30,44,2
557,41,33,176,2,145,33,22,30,41,2
3674,43,25,3341,4,140,25,22,30,46,1
2756,28,88,860,3,135,88,22,30,49,1
3685,14,33,296,2,141,88,22,30,46,2
704,16,33,204,2,148,33,22,30,53,2
1088,47,33,3993,2,144,33,22,30,53,2
1289,35,33,2974,2,143,33,22,30,50,2
1505,3,33,2873,2,170,33,23,31,41,2
3886,21,33,1060,2,169,33,23,31,55,2
2542,23,33,3959,2,163,33,23,31,47,2
1492,9,33,2077,2,166,33,23,31,44,2
3738,38,33,3023,2,162,33,23,31,54,2
1505,3,33,900,2,158,33,23,31,46,2
3674,43,25,2350,4,153,25,23,31,53,1
3674,43,25,3972,4,154,25,23,31,45,2
29,24,33,3910,3,155,88,23,31,54,1
3674,43,25,1122,4,151,25,23,31,51,1
883,57,33,590,3,167,33,23,31,46,1
29,24,33,1726,3,171,135,23,31,48,1
4283,32,33,2083,2,161,33,23,31,44,2
323,22,33,2063,2,165,33,23,31,48,2
3674,43,25,1695,4,152,25,23,31,54,1
3886,21,33,1514,2,159,33,23,31,49,2
3789,27,25,3854,4,156,25,23,31,54,1
937,45,88,1702,2,168,45,23,31,43,2
323,22,33,789,2,164,33,23,31,42,2
3674,43,25,831,4,150,25,23,31,50,1
1289,35,33,197,2,160,33,23,31,50,2
704,16,33,3725,3,157,88,23,31,47,1
529,68,33,2760,2,179,33,24,32,56,2
3674,43,25,587,4,173,25,24,32,47,1
883,57,33,1415,2,178,33,24,32,44,2
689,25,25,1963,2,182,135,24,32,51,2
3426,69,33,2004,2,177,33,24,32,49,2
323,22,33,2787,2,176,33,24,32,47,2
1289,35,33,378,3,175,88,24,32,54,2
3674,43,25,351,4,172,25,24,32,53,1
884,48,33,3097,1,180,135,24,32,48,2
241,36,33,2479,2,181,33,24,32,45,2
3674,43,25,4230,4,174,25,24,32,54,1
1505,3,33,4166,3,197,88,25,33,50,1
4283,32,33,2232,2,189,33,25,33,49,2
3738,38,33,3037,2,194,25,25,33,51,2
4211,60,33,182,2,187,33,25,33,50,2
241,36,33,963,2,190,33,25,33,50,2
4164,63,33,2885,3,185,88,25,33,54,2
2926,18,33,1619,2,195,135,25,33,54,2
323,22,33,3417,2,192,33,25,33,44,2
3978,31,33,2052,3,196,135,25,33,54,1
4283,32,33,2018,3,186,88,25,33,50,1
3936,56,88,995,3,184,88,25,33,56,2
3936,56,88,218,3,183,88,25,33,56,1
2293,59,33,429,2,188,33,25,33,43,2
3738,38,33,1965,4,193,25,25,33,52,2
4164,63,33,4172,2,191,33,25,33,51,2
126,19,33,175,2,204,33,26,34,57,2
883,57,33,206,2,210,33,26,34,48,2
3821,75,33,852,3,203,88,26,34,54,1
323,22,33,280,3,202,88,26,34,44,1
2851,80,25,141,3,208,25,26,34,52,1
3674,43,25,3688,4,201,25,26,34,51,1
3283,51,45,3641,2,198,88,26,34,51,2
883,57,33,1754,2,211,33,26,34,47,2
3656,39,33,1772,3,199,88,26,34,58,2
3685,14,33,4229,1,200,88,26,34,49,2
4130,91,33,2054,2,209,33,26,34,48,2
2569,70,33,794,2,205,33,26,34,53,2
2293,59,33,405,2,206,33,26,34,48,2
306,90,25,4324,4,207,25,26,34,47,2
306,90,25,716,4,212,25,27,35,57,1
1215,67,33,2642,2,220,33,27,35,51,2
1088,47,33,57,2,225,33,27,35,59,2
323,22,33,131,2,221,33,27,35,52,2
1289,35,33,2213,2,222,33,27,35,54,2
557,41,33,488,4,226,25,27,35,55,1
3674,43,25,2705,4,214,25,27,35,48,1
3821,75,33,2963,2,223,33,27,35,56,2
557,41,33,2466,4,227,25,27,35,48,1
1435,88,33,3415,2,228,88,27,35,56,2
306,90,25,2639,4,213,25,27,35,50,1
3656,39,33,3295,3,215,88,27,35,57,1
2850,73,33,3988,2,217,88,27,35,56,2
3550,95,33,3071,2,224,33,27,35,45,2
633,74,33,2304,2,219,33,27,35,58,2
883,57,33,100,3,218,88,27,35,52,1
241,36,33,2696,3,216,88,27,35,52,1
1488,118,135,2092,3,247,33,28,36,48,1
633,74,33,1262,2,249,33,28,36,54,2
126,19,33,1061,2,239,33,28,36,54,2
3361,117,25,1362,4,244,25,28,36,59,2
306,90,25,1092,4,232,25,28,36,47,1
529,68,33,2720,2,251,135,28,36,46,2
2926,18,33,3192,3,230,88,28,36,51,2
3674,43,25,917,4,229,25,28,36,46,2
323,22,33,1004,2,237,33,28,36,47,2
1488,118,135,1448,2,241,33,28,36,51,2
3361,117,25,2855,4,246,25,28,36,46,1
3361,117,25,4246,2,250,135,28,36,49,2
3886,21,33,260,3,236,33,28,36,57,1
529,68,33,2021,3,234,88,28,36,59,1
1488,118,135,4216,3,248,33,28,36,50,1
2569,70,33,325,3,252,9.9,28,36,50,1
3426,69,33,1311,2,253,9.9,28,36,55,2
3361,117,25,2449,4,245,25,28,36,50,2
306,90,25,3930,4,233,25,28,36,50,1
3018,116,25,1555,4,242,25,28,36,60,1
323,22,33,1181,3,238,33,28,36,48,1
3110,89,33,3346,2,235,88,28,36,52,2
3018,116,25,3373,4,243,25,28,36,48,1
337,15,33,1518,3,231,88,28,36,48,1
768,108,33,933,2,240,33,28,36,53,2
2166,102,9.9,2403,2,265,88,29,37,58,2
3550,95,33,3199,3,273,88,29,37,51,1
3674,43,25,4095,4,254,25,29,37,55,1
1435,88,33,939,2,267,33,29,37,55,2
1898,101,135,1913,2,275,135,29,37,54,2
306,90,25,2646,4,259,25,29,37,59,1
306,90,25,3776,4,260,25,29,37,54,1
306,90,25,3994,4,261,25,29,37,54,1
3361,117,25,2552,4,257,25,29,37,61,2
633,74,33,615,2,271,33,29,37,57,2
3018,116,25,1937,4,263,25,29,37,57,1
1488,118,135,2863,3,269,33,29,37,47,1
1505,3,33,4218,2,274,88,29,37,48,2
3018,116,25,1793,4,262,25,29,37,48,1
3361,117,25,1720,4,255,25,29,37,56,2
3361,117,25,3651,4,258,25,29,37,59,1
2850,73,33,783,2,270,33,29,37,57,2
3738,38,33,3982,3,266,88,29,37,48,1
3018,116,25,2506,4,264,25,29,37,48,1
1289,35,33,921,3,276,9.9,29,37,61,1
1488,118,135,851,2,268,33,29,37,61,2
2928,97,33,133,3,272,88,29,37,57,1
3361,117,25,1859,4,256,25,29,37,58,2
2110,127,33,1608,2,287,33,30,38,57,2
2850,73,33,46,3,289,9.9,30,38,50,1
1482,54,33,1597,3,282,33,30,38,57,2
1488,118,135,1314,2,284,33,30,38,48,2
3656,39,33,525,2,290,135,30,38,55,2
4207,82,25,319,3,288,25,30,38,51,2
3018,116,25,3116,4,280,25,30,38,56,1
306,90,25,1977,4,279,25,30,38,55,2
906,61,33,4335,3,286,135,30,38,48,2
557,41,33,858,3,281,88,30,38,52,1
4223,128,33,3420,3,283,33,30,38,58,1
3361,117,25,1760,4,278,25,30,38,53,1
3361,117,25,374,4,277,25,30,38,50,1
1488,118,135,1732,3,285,33,30,38,54,1
2710,44,9.9,3423,3,294,88,31,39,57,1
4207,82,25,3765,3,299,25,31,39,60,1
3978,31,33,245,2,303,135,31,39,49,2
2541,104,88,1125,3,291,88,31,39,51,1
1183,62,33,3264,2,304,135,31,39,62,2
294,134,88,1728,2,300,135,31,39,55,2
1289,35,33,1057,2,297,33,31,39,58,2
3993,144,33,1185,3,295,88,31,39,61,1
3674,43,25,3774,2,298,135,31,39,55,2
900,158,33,2230,3,301,9.9,31,39,55,2
306,90,25,1607,4,293,25,31,39,50,1
147,111,33,4032,2,302,9.9,31,39,56,2
633,74,33,2665,3,296,88,31,39,51,1
3978,31,33,2712,3,292,88,31,39,62,2
2293,59,33,2405,3,309,88,32,40,54,2
3274,124,33,1660,3,313,33,32,40,63,1
4230,174,25,2830,3,312,25,32,40,64,2
2926,18,33,3481,3,305,88,32,40,56,2
306,90,25,1652,4,306,25,32,40,63,2
1702,168,45,776,3,308,88,32,40,57,1
1488,118,135,1421,2,311,33,32,40,56,2
3978,31,33,2859,2,307,88,32,40,54,2
633,74,33,194,2,310,33,32,40,50,2
2063,165,33,3158,2,318,33,33,41,59,2
1435,88,33,3461,3,317,88,33,41,58,1
1488,118,135,469,2,319,33,33,41,52,2
3341,140,25,694,1,323,135,33,41,59,2
2776,55,33,2888,3,316,88,33,41,64,1
704,16,33,2531,4,324,25,33,41,59,1
1965,193,25,3791,4,325,25,33,41,53,2
860,135,88,757,2,314,88,33,41,53,2
3171,13,88,1750,1,320,135,33,41,61,2
2063,165,33,1423,3,315,88,33,41,63,1
1289,35,33,3980,4,322,25,33,41,54,1
218,183,88,4056,3,321,9.9,33,41,60,1
963,190,33,3202,3,329,88,34,42,52,2
2787,176,33,1820,2,331,88,34,42,61,2
4229,200,88,1258,3,340,88,34,42,64,1
3738,38,33,1294,3,338,9.9,34,42,66,2
3936,56,88,480,2,328,88,34,42,59,2
176,145,33,14,2,330,88,34,42,66,2
2569,70,33,1286,3,339,9.9,34,42,59,1
3097,180,135,3505,3,333,88,34,42,60,1
90,66,88,754,2,336,135,34,42,64,2
932,137,25,3620,3,337,135,34,42,63,1
3171,13,88,4019,2,326,88,34,42,63,2
3331,112,33,3449,1,332,88,34,42,66,2
1963,182,135,3932,2,334,37,34,42,58,2
1488,118,135,4000,2,335,33,34,42,61,2
3018,116,25,1662,4,327,25,34,42,65,1
4324,207,25,695,4,341,25,34,42,63,1
4166,197,88,3987,3,342,88,35,43,60,1
900,158,33,358,3,344,88,35,43,65,2
900,158,33,1614,3,345,88,35,43,56,1
2466,227,25,4136,4,347,25,35,43,55,1
3037,194,25,4252,3,343,88,35,43,55,1
2760,179,33,4299,3,348,88,35,43,58,1
2928,97,33,2375,3,346,88,35,43,60,1
1555,242,25,3120,3,364,25,36,44,61,2
2466,227,25,2328,4,353,25,36,44,58,2
4315,121,88,3713,3,372,88,36,44,61,1
3071,224,33,389,3,355,88,36,44,67,1
794,205,33,3302,3,356,88,36,44,55,1
488,226,25,1529,4,352,25,36,44,63,1
1311,253,9.9,946,2,365,33,36,44,55,2
2449,245,25,2783,3,368,25,36,44,68,1
789,164,33,1589,2,357,88,36,44,55,2
175,204,33,3059,3,369,9.9,36,44,65,1
3346,235,88,2999,2,363,33,36,44,62,2
1448,241,33,2620,3,361,33,36,44,60,1
1311,253,9.9,647,3,358,33,36,44,58,1
2466,227,25,2891,4,354,25,36,44,59,1
4006,52,33,2246,3,350,88,36,44,61,1
1311,253,9.9,3772,2,367,33,36,44,57,2
488,226,25,118,4,351,25,36,44,60,1
1311,253,9.9,4098,3,359,33,36,44,62,2
1448,241,33,2628,3,362,33,36,44,57,2
4324,207,25,910,4,371,25,36,44,58,1
2696,216,88,962,2,349,88,36,44,60,2
1448,241,33,283,2,360,33,36,44,67,2
1311,253,9.9,2344,3,366,33,36,44,68,1
3854,156,25,1020,2,370,135,36,44,54,1
90,66,88,3285,1,388,135,37,45,64,2
1488,118,135,715,3,384,33,37,45,68,1
3346,235,88,4112,2,383,33,37,45,63,2
933,240,33,2595,3,382,88,37,45,60,1
1989,71,25,3625,2,389,135,37,45,64,2
633,74,33,1190,3,379,88,37,45,60,2
405,206,33,2271,3,378,88,37,45,60,1
3415,228,88,612,2,391,9.9,37,45,64,2
1890,106,33,3494,3,380,88,37,45,57,1
2863,269,33,3806,2,386,33,37,45,56,2
2466,227,25,4203,4,375,25,37,45,59,1
2696,216,88,2740,3,376,88,37,45,67,2
852,203,88,2908,3,373,88,37,45,57,1
488,226,25,1627,2,387,135,37,45,58,2
4230,174,25,3643,2,390,135,37,45,68,1
883,57,33,2611,3,381,88,37,45,60,2
2466,227,25,2573,4,374,25,37,45,57,1
1488,118,135,2307,2,385,33,37,45,56,1
488,226,25,3473,4,377,25,37,45,69,1
1518,231,88,83,2,408,135,38,46,69,2
1314,284,33,2669,2,407,33,38,46,66,2
1166,92,135,1310,2,404,37,38,46,69,2
4218,274,88,3409,2,405,37,38,46,59,2
1448,241,33,342,2,402,33,38,46,67,2
1448,241,33,2953,3,399,88,38,46,57,1
488,226,25,3623,4,392,25,38,46,56,1
1699,107,33,1974,3,396,88,38,46,57,1
2974,143,33,1590,3,395,88,38,46,65,1
147,111,33,2898,3,397,88,38,46,56,1
1314,284,33,181,3,406,33,38,46,60,1
1088,47,33,2511,2,398,88,38,46,60,2
1289,35,33,3906,3,400,88,38,46,64,1
3936,56,88,3272,3,394,88,38,46,63,1
175,204,33,1871,3,409,9.9,38,46,69,2
1597,282,33,3133,2,403,37,38,46,59,2
4223,128,33,1665,3,401,33,38,46,57,1
2466,227,25,3676,4,393,25,38,46,70,1
3110,89,33,2718,2,414,88,39,47,64,2
1732,285,33,3483,2,423,135,39,47,67,2
1488,118,135,2265,3,418,33,39,47,64,1
1314,284,33,2801,2,420,33,39,47,59,2
4246,250,135,1973,3,416,88,39,47,61,1
3274,124,33,3132,3,410,88,39,47,70,1
2680,37,33,3074,2,415,88,39,47,66,2
783,270,33,1673,3,413,88,39,47,70,1
3346,235,88,3813,2,419,33,39,47,60,2
1326,85,33,2882,3,417,33,39,47,70,1
1311,253,9.9,839,2,421,33,39,47,63,2
2166,102,9.9,3925,3,411,88,39,47,59,1
851,268,33,3739,2,422,33,39,47,67,2
2963,223,33,1653,3,412,88,39,47,64,1
789,164,33,878,3,445,88,40,48,68,1
1421,311,33,2062,2,434,33,40,48,60,2
1448,241,33,2058,2,433,33,40,48,65,2
100,218,88,879,3,424,88,40,48,60,1
1314,284,33,984,2,436,33,40,48,63,2
2403,265,88,219,2,439,37,40,48,67,2
776,308,88,4262,3,440,37,40,48,70,1
1314,284,33,3553,2,441,33,40,48,71,1
3346,235,88,2556,3,443,9.9,40,48,70,1
3993,144,33,281,1,444,88,40,48,72,2
1448,241,33,1226,2,432,33,40,48,65,2
46,289,9.9,2727,3,426,88,40,48,61,2
1488,118,135,1796,2,437,33,40,48,70,2
1772,199,88,4049,3,428,88,40,48,68,1
615,271,33,2687,3,429,88,40,48,64,1
1890,106,33,3801,3,431,88,40,48,67,1
2092,247,33,4125,3,425,88,40,48,60,1
2213,222,33,497,3,430,88,40,48,64,2
1421,311,33,2896,3,435,33,40,48,65,1
1514,159,33,668,2,427,88,40,48,66,2
3481,305,88,4062,2,442,88,40,48,68,2
1488,118,135,4272,2,438,33,40,48,61,2
851,268,33,2517,3,460,33,41,49,59,1
3417,192,33,135,2,474,88,41,49,66,2
2083,161,33,913,3,471,88,41,49,64,1
995,184,88,2889,3,470,88,41,49,61,1
3417,192,33,3962,2,469,88,41,49,68,2
1448,241,33,1253,2,461,33,41,49,66,2
2974,143,33,3835,3,454,88,41,49,64,2
141,208,25,2993,2,465,135,41,49,72,2
3346,235,88,1041,2,463,33,41,49,68,2
3274,124,33,941,3,468,9.9,41,49,72,1
3274,124,33,1807,2,472,88,41,49,70,2
1421,311,33,316,3,459,33,41,49,70,1
280,202,88,63,3,448,88,41,49,59,1
469,319,33,1635,3,458,33,41,49,61,2
3346,235,88,1349,2,464,33,41,49,60,2
1448,241,33,4005,2,462,33,41,49,67,1
1963,182,135,3297,3,457,37,41,49,59,1
3105,83,33,3376,2,456,88,41,49,72,2
3274,124,33,3442,3,473,9.9,41,49,64,1
2063,165,33,1899,2,452,88,41,49,61,2
3192,230,88,1346,2,451,88,41,49,59,2
1311,253,9.9,474,2,466,33,41,49,70,2
2133,149,9.9,1786,3,450,88,41,49,60,1
2756,28,88,1252,2,446,88,41,49,59,2
4218,274,88,1676,3,467,37,41,49,60,1
794,205,33,2138,3,455,88,41,49,68,1
2696,216,88,596,3,449,88,41,49,67,1
3765,299,25,2465,3,447,88,41,49,65,2
2063,165,33,2509,3,453,88,41,49,64,2
245,303,135,653,2,494,135,42,50,72,2
2569,70,33,312,3,496,88,42,50,65,1
3346,235,88,3525,3,492,9.9,42,50,70,1
3264,304,135,3368,3,477,88,42,50,63,1
1421,311,33,3587,2,489,33,42,50,70,2
4000,335,33,3815,3,487,33,42,50,74,1
1311,253,9.9,2576,3,498,9.9,42,50,62,1
3346,235,88,1433,2,486,33,42,50,62,2
429,188,33,2430,3,493,9.9,42,50,61,1
4166,197,88,3493,3,476,88,42,50,61,2
1448,241,33,1154,2,483,33,42,50,70,2
2269,146,33,888,3,479,88,42,50,67,1
3346,235,88,804,2,485,33,42,50,72,2
2449,245,25,4327,3,491,25,42,50,69,1
3346,235,88,93,3,484,33,42,50,61,1
2110,127,33,3292,3,497,9.9,42,50,64,1
783,270,33,3949,3,480,88,42,50,67,1
851,268,33,4060,2,490,33,42,50,60,2
176,145,33,1804,3,481,88,42,50,62,2
1421,311,33,255,2,488,33,42,50,67,2
4246,250,135,1611,3,478,88,42,50,72,1
2092,247,33,2921,3,475,88,42,50,64,1
1448,241,33,1132,2,482,33,42,50,61,2
2705,214,25,356,3,495,135,42,50,70,1
4019,326,88,3638,2,504,88,43,51,63,1
1314,284,33,4123,2,509,33,43,51,62,1
852,203,88,1560,3,499,88,43,51,72,1
2720,251,135,1578,2,514,135,43,51,62,1
851,268,33,4091,2,511,33,43,51,64,2
358,344,88,1006,3,510,37,43,51,69,1
469,319,33,2309,2,505,33,43,51,63,2
2776,55,33,2666,2,513,9.9,43,51,61,2
1311,253,9.9,3189,2,508,33,43,51,62,2
3426,69,33,3648,3,502,88,43,51,63,1
1311,253,9.9,1411,3,506,33,43,51,68,1
429,188,33,3333,2,515,9.9,43,51,69,2
4216,248,33,2076,3,500,88,43,51,61,1
2696,216,88,61,3,501,88,43,51,65,1
1619,195,135,3609,2,503,88,43,51,74,2
1311,253,9.9,2459,2,507,33,43,51,65,2
4324,207,25,2608,2,512,25,43,51,72,2
3346,235,88,3775,2,525,33,44,52,71,2
851,268,33,3275,2,528,33,44,52,72,2
3772,367,33,1779,2,526,33,44,52,76,2
946,365,33,2149,2,530,33,44,52,73,2
3302,356,88,4344,3,532,88,44,52,66,1
2092,247,33,3320,3,517,88,44,52,65,1
4000,335,33,1313,2,523,33,44,52,63,2
118,351,25,3627,3,531,25,44,52,68,1
2620,361,33,2782,3,533,33,44,52,76,1
4098,359,33,2641,2,527,33,44,52,72,2
647,358,33,3753,2,534,33,44,52,75,2
1311,253,9.9,2943,2,529,33,44,52,68,2
3346,235,88,2914,3,524,33,44,52,66,1
4032,302,9.9,2503,3,521,88,44,52,68,1
2628,362,33,1551,2,535,33,44,52,72,2
1660,313,33,64,3,516,88,44,52,68,1
4130,91,33,2809,3,522,88,44,52,72,1
794,205,33,4075,3,519,88,44,52,76,2
14,330,88,3800,2,518,88,44,52,64,1
783,270,33,2621,3,520,88,44,52,63,2
46,289,9.9,2939,3,537,88,45,53,74,1
280,202,88,4152,3,536,88,45,53,67,1
1311,253,9.9,113,2,543,33,45,53,66,2
4112,383,33,2585,2,554,33,45,53,72,2
469,319,33,2811,3,548,33,45,53,75,2
946,365,33,2116,2,553,33,45,53,70,2
2783,368,25,1027,3,565,135,45,53,66,2
469,319,33,756,2,547,33,45,53,77,2
4098,359,33,3660,2,551,33,45,53,75,2
1362,244,25,662,3,567,25,45,53,71,1
325,252,9.9,3209,2,566,135,45,53,68,2
1448,241,33,509,2,558,33,45,53,64,2
4098,359,33,3182,3,550,33,45,53,77,2
1311,253,9.9,3424,2,545,33,45,53,77,2
1448,241,33,1149,2,561,33,45,53,72,2
1004,237,33,3730,3,541,88,45,53,64,2
2552,257,25,4179,3,568,25,45,53,71,1
469,319,33,3225,2,549,33,45,53,63,2
851,268,33,4030,2,557,33,45,53,69,2
1311,253,9.9,3681,3,546,33,45,53,64,2
2628,362,33,3159,2,542,33,45,53,70,1
3284,132,25,170,2,560,25,45,53,69,2
4194,147,33,3329,3,539,88,45,53,66,1
4324,207,25,3226,3,562,25,45,53,71,2
2271,378,88,3129,2,559,25,45,53,72,2
1314,284,33,4338,3,540,88,45,53,69,1
3772,367,33,1854,2,555,33,45,53,76,2
3772,367,33,2095,2,563,33,45,53,74,2
1311,253,9.9,531,2,544,33,45,53,63,2
4166,197,88,1119,3,538,88,45,53,73,1
469,319,33,3876,2,564,33,45,53,73,2
3772,367,33,2098,2,556,33,45,53,65,1
4172,191,33,2812,2,552,33,45,53,64,2
4056,321,9.9,3091,3,571,88,46,54,68,1
3625,389,135,3265,3,576,88,46,54,73,1
1314,284,33,1279,3,577,33,46,54,77,1
358,344,88,3808,2,573,88,46,54,78,2
4112,383,33,2137,3,575,88,46,54,76,1
83,408,135,4137,2,581,33,46,54,76,2
4299,348,88,2227,3,572,88,46,54,67,1
1589,357,88,2962,2,578,37,46,54,65,2
4324,207,25,3345,2,586,25,46,54,65,2
2974,143,33,870,3,574,88,46,54,74,1
946,365,33,2923,3,587,33,46,54,69,1
3133,403,37,1446,2,584,37,46,54,77,2
3409,405,37,3324,3,588,9.9,46,54,74,1
83,408,135,444,3,580,33,46,54,68,1
2908,373,88,1844,1,569,88,46,54,75,2
4112,383,33,203,2,583,33,46,54,65,2
3302,356,88,1015,3,570,88,46,54,68,2
612,391,9.9,4184,2,579,37,46,54,69,2
3623,392,25,2987,3,585,25,46,54,74,1
3993,144,33,2059,3,590,88,46,54,73,1
1311,253,9.9,2290,3,582,33,46,54,72,1
1435,88,33,2976,3,589,9.9,46,54,73,1
921,276,9.9,1143,2,593,88,47,55,72,2
1314,284,33,1305,2,611,33,47,55,71,2
1421,311,33,2286,2,598,33,47,55,73,2
1726,171,135,2070,3,591,88,47,55,67,1
325,252,9.9,1073,3,621,135,47,55,78,1
2628,362,33,2577,2,614,33,47,55,69,2
3739,422,33,3768,2,610,33,47,55,69,2
921,276,9.9,1174,2,594,88,47,55,69,2
851,268,33,2253,2,613,33,47,55,74,2
615,271,33,1323,2,622,88,47,55,68,2
2304,219,33,2745,3,619,9.9,47,55,70,1
839,421,33,624,2,615,33,47,55,66,2
469,319,33,723,2,603,33,47,55,79,2
1311,253,9.9,517,2,618,33,47,55,68,2
2859,307,88,2229,3,602,37,47,55,67,1
4127,120,88,4034,3,595,88,47,55,75,2
3409,405,37,2614,3,601,37,47,55,71,1
900,158,33,1292,3,596,88,47,55,65,1
4112,383,33,2075,2,608,33,47,55,77,2
283,360,33,2417,2,604,33,47,55,70,2
480,328,88,2300,3,606,37,47,55,72,1
3772,367,33,317,3,600,33,47,55,67,1
4112,383,33,3173,3,609,33,47,55,73,1
1871,409,9.9,2189,3,623,9.9,47,55,70,2
1314,284,33,4213,2,616,33,47,55,74,2
946,365,33,827,2,612,33,47,55,69,2
4112,383,33,1638,2,607,33,47,55,66,2
342,402,33,1382,2,599,33,47,55,65,2
1190,379,88,321,3,617,9.9,47,55,76,1
2344,366,33,3305,3,592,88,47,55,72,1
1421,311,33,169,2,597,33,47,55,69,2
3346,235,88,479,2,605,33,47,55,73,2
2646,259,25,2337,2,620,135,47,55,77,2
1796,437,33,1145,2,635,33,48,56,70,2
469,319,33,3657,2,642,33,48,56,67,2
2999,363,33,605,2,645,33,48,56,71,1
852,203,88,3113,2,624,88,48,56,69,2
1311,253,9.9,3908,2,644,33,48,56,80,2
1310,404,37,1538,2,636,37,48,56,69,2
2642,220,33,3291,3,646,9.9,48,56,67,1
1974,396,88,951,2,627,88,48,56,79,2
2999,363,33,3879,2,641,33,48,56,71,1
3553,441,33,4174,2,643,33,48,56,69,2
3993,144,33,901,2,632,88,48,56,77,2
1311,253,9.9,3700,2,633,33,48,56,76,2
1314,284,33,3122,3,629,88,48,56,78,1
4098,359,33,3206,2,637,33,48,56,72,2
3505,333,88,3617,1,626,88,48,56,75,2
83,408,135,805,2,638,33,48,56,73,2
2271,378,88,1741,3,625,88,48,56,75,2
1589,357,88,1453,2,631,88,48,56,69,2
2787,176,33,2835,3,628,88,48,56,66,1
342,402,33,3101,2,640,33,48,56,77,2
3772,367,33,3535,2,639,33,48,56,68,2
3739,422,33,3542,2,634,33,48,56,66,2
1750,320,135,3931,3,630,88,48,56,68,1
1796,437,33,4154,2,656,33,49,57,79,1
984,436,33,1979,2,671,33,49,57,75,2
2801,420,33,311,2,663,33,49,57,81,2
3806,386,33,3758,2,670,33,49,57,81,2
3993,144,33,569,3,651,88,49,57,76,1
3739,422,33,2188,2,664,33,49,57,80,2
2058,433,33,764,2,654,33,49,57,70,2
3272,394,88,1203,1,667,135,49,57,73,2
4172,191,33,3788,3,648,88,49,57,72,1
4112,383,33,2893,2,653,33,49,57,81,2
2669,407,33,2108,2,661,33,49,57,68,2
984,436,33,903,2,660,33,49,57,71,2
839,421,33,4148,3,673,33,49,57,80,2
2062,434,33,3614,2,665,33,49,57,76,2
4000,335,33,595,2,655,33,49,57,70,2
1448,241,33,3916,2,672,33,49,57,68,2
342,402,33,3640,2,659,33,49,57,77,2
2898,397,88,1724,3,647,88,49,57,76,1
100,218,88,1417,1,674,135,49,57,79,2
283,360,33,2226,2,657,33,49,57,73,2
3772,367,33,2221,2,669,33,49,57,75,2
1963,182,135,4224,2,662,37,49,57,73,2
3550,95,33,155,3,649,88,49,57,79,1
1635,458,33,3826,2,668,33,49,57,69,2
4005,462,33,840,2,666,33,49,57,67,2
204,148,33,2278,3,652,88,49,57,81,1
1589,357,88,1770,2,650,88,49,57,81,2
851,268,33,1687,2,658,33,49,57,71,1
4098,359,33,952,2,687,33,50,58,79,2
4112,383,33,2925,2,681,33,50,58,69,2
2859,307,88,1457,2,685,37,50,58,74,2
135,474,88,4215,2,696,33,50,58,80,2
474,466,33,1206,3,682,33,50,58,80,1
2328,353,25,1837,2,701,25,50,58,80,2
3772,367,33,3970,2,691,33,50,58,81,2
3641,198,88,1201,3,698,37,50,58,79,1
1132,482,33,242,2,688,33,50,58,76,2
497,430,88,1797,2,678,88,50,58,79,2
1132,482,33,642,2,689,33,50,58,77,2
3772,367,33,2512,2,690,33,50,58,76,2
1589,357,88,2978,2,694,37,50,58,80,2
3587,489,33,3874,2,686,33,50,58,76,2
3791,325,25,3767,2,697,25,50,58,81,2
3806,386,33,4105,2,683,33,50,58,75,2
668,427,88,788,2,699,37,50,58,69,2
219,439,37,2810,3,680,88,50,58,69,1
1807,472,88,3123,3,693,37,50,58,77,1
1614,345,88,262,2,700,135,50,58,79,2
3133,403,37,4084,3,676,88,50,58,68,2
63,448,88,4106,2,675,88,50,58,76,2
3806,386,33,2819,3,679,88,50,58,77,1
1575,126,33,3915,3,677,88,50,58,81,2
1963,182,135,2504,2,692,37,50,58,77,1
1311,253,9.9,3912,3,684,33,50,58,77,2
480,328,88,2035,3,695,37,50,58,71,1
2999,363,33,3462,2,717,33,51,59,72,2
3739,422,33,3913,2,722,33,51,59,70,2
3587,489,33,3787,3,732,88,51,59,83,2
3189,508,33,122,3,714,33,51,59,77,1
316,459,33,4294,2,702,88,51,59,78,2
3461,317,88,1500,3,707,88,51,59,69,1
4112,383,33,3811,2,718,33,51,59,81,2
1807,472,88,1018,2,723,37,51,59,82,2
3553,441,33,1698,3,706,88,51,59,80,1
3587,489,33,2136,3,712,33,51,59,81,2
1311,253,9.9,3960,2,713,33,51,59,74,2
63,448,88,1939,3,704,88,51,59,73,1
1899,452,88,60,3,730,9.9,51,59,80,1
939,267,33,812,3,708,88,51,59,77,1
1253,461,33,1901,2,729,33,51,59,76,2
1349,464,33,3839,2,720,33,51,59,79,2
3932,334,37,2310,2,709,88,51,59,69,2
1807,472,88,1501,3,724,37,51,59,78,1
4098,359,33,344,2,711,33,51,59,79,2
2993,465,135,842,2,710,88,51,59,77,2
1421,311,33,2404,2,716,33,51,59,78,2
612,391,9.9,834,2,725,37,51,59,70,1
3739,422,33,3840,2,728,33,51,59,78,2
962,349,88,823,2,721,37,51,59,79,2
946,365,33,2057,3,726,33,51,59,77,1
63,448,88,3278,3,705,88,51,59,75,1
1433,486,33,39,2,727,33,51,59,77,2
3772,367,33,209,2,719,33,51,59,70,2
4056,321,9.9,2907,3,703,88,51,59,76,1
3189,508,33,187,3,715,33,51,59,72,1
3854,156,25,2084,2,731,135,51,59,69,2
57,225,33,1900,3,743,88,52,60,78,1
2963,223,33,2303,3,770,9.9,52,60,80,1
2608,512,25,243,3,752,37,52,60,83,1
181,406,33,3626,3,737,88,52,60,74,1
2727,426,88,850,3,768,88,52,60,75,1
2953,399,88,538,3,739,88,52,60,77,1
1611,478,88,3761,3,736,88,52,60,75,1
1796,437,33,3085,2,763,33,52,60,76,2
4062,442,88,1087,3,755,37,52,60,83,2
3292,497,9.9,2981,3,735,88,52,60,75,1
3275,528,33,127,2,753,33,52,60,81,2
356,495,135,2771,3,734,88,52,60,80,1
2149,530,33,359,2,746,33,52,60,80,2
1057,297,33,1691,3,741,88,52,60,84,2
2611,381,88,2759,2,754,33,52,60,75,2
474,466,33,2545,2,765,33,52,60,73,2
3643,390,135,519,3,738,88,52,60,70,1
2628,362,33,1192,2,757,33,52,60,75,2
2718,414,88,4033,2,760,37,52,60,78,2
2149,530,33,1230,2,747,33,52,60,78,2
3074,415,88,3038,3,766,37,52,60,80,1
2058,433,33,999,2,758,33,52,60,82,2
2304,219,33,2167,3,740,88,52,60,81,2
319,288,25,2965,3,742,88,52,60,82,1
3442,473,9.9,2913,3,733,88,52,60,72,1
1635,458,33,3566,2,762,33,52,60,83,2
2058,433,33,2235,3,744,88,52,60,72,2
1820,331,88,1730,3,767,9.9,52,60,71,1
2943,529,33,1414,2,750,33,52,60,84,2
2459,507,33,2013,2,749,33,52,60,74,2
946,365,33,1091,2,751,33,52,60,82,2
2509,453,88,1780,3,769,9.9,52,60,78,2
2628,362,33,792,2,756,33,52,60,74,2
1635,458,33,2598,2,761,33,52,60,81,2
4060,490,33,1993,3,745,88,52,60,83,1
2621,520,88,3453,2,764,37,52,60,80,1
839,421,33,3974,3,759,33,52,60,83,1
2459,507,33,76,3,748,33,52,60,79,1
3275,528,33,1196,3,777,88,53,61,79,1
1589,357,88,2321,2,795,37,53,61,83,2
1154,483,33,2502,2,783,33,53,61,84,2
3660,551,33,968,2,798,33,53,61,71,2
3962,469,88,2784,2,782,37,53,61,78,2
2116,553,33,971,2,799,33,53,61,72,2
3806,386,33,2575,3,785,33,53,61,73,2
3209,566,135,2733,3,796,33,53,61,80,1
1154,483,33,3723,3,784,33,53,61,76,2
2344,366,33,1970,3,771,88,53,61,80,1
1854,555,33,1223,2,800,33,53,61,74,2
3182,550,33,1946,2,802,33,53,61,78,2
4000,335,33,2141,2,780,33,53,61,82,2
531,544,33,1872,3,787,33,53,61,79,1
913,471,88,3595,2,772,88,53,61,80,2
1772,199,88,2400,3,778,88,53,61,84,1
2628,362,33,2120,2,797,33,53,61,71,2
3189,508,33,4010,2,794,33,53,61,78,2
776,308,88,559,3,773,88,53,61,83,1
3962,469,88,1160,2,781,37,53,61,81,2
83,408,135,3161,2,792,33,53,61,73,2
480,328,88,477,2,793,37,53,61,83,2
3493,476,88,3984,2,786,37,53,61,77,2
1258,340,88,1933,2,805,135,53,61,81,2
1132,482,33,3798,1,804,88,53,61,71,2
3993,144,33,4051,3,779,33,53,61,78,1
4262,440,37,2948,3,774,88,53,61,79,1
3333,515,9.9,2847,3,791,37,53,61,81,1
4098,359,33,1265,2,788,33,53,61,81,2
3182,550,33,4189,2,803,33,53,61,85,2
3424,545,33,3958,2,789,33,53,61,81,2
1311,253,9.9,1847,2,801,33,53,61,72,2
2459,507,33,1617,2,790,33,53,61,80,2
3625,389,135,2441,3,776,88,53,61,80,1
3925,411,88,3938,3,775,88,53,61,75,2
2727,426,88,3303,3,823,88,54,62,73,1
4098,359,33,1116,2,825,33,54,62,75,2
3182,550,33,3629,3,817,33,54,62,76,2
1589,357,88,3509,3,818,37,54,62,80,2
1662,327,25,1966,1,826,135,54,62,80,2
3587,489,33,2610,2,812,88,54,62,82,2
2556,443,9.9,3557,3,806,88,54,62,78,1
1779,526,33,3536,3,828,88,54,62,82,1
783,270,33,3985,3,829,9.9,54,62,85,1
3424,545,33,1953,2,820,33,54,62,81,2
4262,440,37,2558,3,807,88,54,62,74,1
3815,487,33,846,3,808,88,54,62,84,1
3775,525,33,2526,2,813,33,54,62,77,2
3800,518,88,3025,3,809,88,54,62,83,1
1346,451,88,625,2,814,37,54,62,83,2
1796,437,33,3782,2,816,33,54,62,77,2
531,544,33,2486,2,819,33,54,62,74,2
3320,517,88,3406,3,827,135,54,62,73,1
3209,566,135,1291,2,821,33,54,62,72,2
2641,527,33,4205,3,811,88,54,62,79,2
1279,577,33,3838,2,822,33,54,62,84,2
135,474,88,857,2,824,33,54,62,85,1
3587,489,33,2175,2,815,33,54,62,84,2
1913,275,135,3392,2,810,88,54,62,85,2
3133,403,37,1236,2,856,37,55,63,82,2
3739,422,33,3422,2,846,33,55,63,78,2
3493,476,88,886,3,855,37,55,63,80,1
1578,514,135,3185,3,830,88,55,63,81,1
312,496,88,130,2,831,88,55,63,77,2
83,408,135,1157,2,847,33,55,63,74,2
851,268,33,72,3,842,33,55,63,77,1
1154,483,33,2153,2,841,33,55,63,77,2
716,212,25,4270,2,863,135,55,63,79,2
3209,566,135,142,3,857,33,55,63,75,1
3182,550,33,1478,2,860,33,55,63,76,2
2149,530,33,1459,3,836,88,55,63,77,1
2058,433,33,330,3,865,88,55,63,74,1
3091,571,88,4256,3,866,135,55,63,83,1
3376,456,88,1938,2,854,37,55,63,80,2
878,445,88,3167,3,834,88,55,63,78,2
1132,482,33,364,2,843,33,55,63,78,2
3424,545,33,1227,2,849,33,55,63,73,2
3415,228,88,2565,3,858,88,55,63,87,1
3376,456,88,1792,2,838,88,55,63,81,2
3424,545,33,2912,2,862,33,55,63,83,2
3074,415,88,3450,2,840,88,55,63,81,2
2095,563,33,3716,3,864,9.9,55,63,83,2
3424,545,33,478,2,861,33,55,63,83,2
2611,381,88,890,2,851,33,55,63,82,2
624,615,33,3117,2,844,33,55,63,86,2
2307,385,33,183,3,832,88,55,63,77,1
754,336,135,3211,3,835,88,55,63,80,1
946,365,33,3602,2,852,33,55,63,82,2
2309,505,33,2676,2,848,33,55,63,76,2
1589,357,88,1150,2,845,37,55,63,74,2
827,612,33,388,2,850,33,55,63,80,2
3275,528,33,1177,3,837,88,55,63,73,2
3988,217,88,2602,3,853,37,55,63,77,2
1611,478,88,366,3,833,88,55,63,81,1
1589,357,88,2314,3,859,37,55,63,86,1
509,558,33,2119,3,839,88,55,63,87,1
1446,584,37,1867,2,889,37,56,64,79,2
1041,463,33,915,3,876,88,56,64,74,1
181,406,33,3558,3,873,88,56,64,87,1
2669,407,33,2982,2,897,33,56,64,86,2
3409,405,37,1986,2,883,37,56,64,76,2
3765,299,25,228,3,867,88,56,64,83,1
1538,636,37,3325,2,882,37,56,64,85,2
2812,552,33,1544,3,878,88,56,64,76,2
4032,302,9.9,2619,2,893,37,56,64,74,2
1073,621,135,1019,3,872,88,56,64,81,1
2718,414,88,947,3,887,37,56,64,85,1
1854,555,33,2354,2,885,33,56,64,85,2
4091,511,33,796,2,879,88,56,64,80,2
113,543,33,2803,2,896,33,56,64,87,2
1673,413,88,2560,3,870,88,56,64,83,2
1551,535,33,2959,2,886,33,56,64,88,2
888,479,88,2473,2,874,88,56,64,78,2
2149,530,33,2104,2,884,33,56,64,81,2
2888,316,88,1418,3,891,135,56,64,88,1
531,544,33,2799,2,895,33,56,64,83,2
3808,573,88,1130,2,894,37,56,64,77,2
3775,525,33,2940,3,881,33,56,64,77,2
2417,604,33,1000,3,877,88,56,64,77,1
4184,579,37,4041,2,888,37,56,64,79,2
1073,621,135,295,3,871,88,56,64,77,1
3700,633,33,88,3,899,9.9,56,64,88,1
2344,366,33,2142,3,869,88,56,64,87,1
517,618,33,2225,3,901,9.9,56,64,77,1
2621,520,88,2249,3,898,88,56,64,77,2
342,402,33,703,3,880,88,56,64,84,2
3908,644,33,3412,2,892,33,56,64,78,2
4213,616,33,586,2,890,33,56,64,77,2
2517,460,33,1516,3,875,88,56,64,81,2
1608,287,33,3096,2,900,9.9,56,64,84,2
2882,417,33,3039,3,868,88,56,64,80,1
2149,530,33,1716,2,920,33,57,65,84,2
93,484,33,4209,3,929,135,57,65,87,1
3962,469,88,1204,2,922,37,57,65,78,2
113,543,33,4326,2,915,33,57,65,77,2
3535,639,33,3924,2,914,33,57,65,79,2
4060,490,33,4293,3,928,9.9,57,65,87,1
219,439,37,634,2,924,37,57,65,89,2
2620,361,33,3618,3,906,88,57,65,86,1
805,638,33,3548,2,917,33,57,65,88,2
1854,555,33,1473,2,926,33,57,65,83,2
903,660,33,3372,2,916,33,57,65,75,2
170,560,25,1857,2,925,37,57,65,84,2
1185,295,88,2435,2,902,88,57,65,75,2
1305,611,33,513,1,912,88,57,65,80,2
3493,476,88,645,2,923,37,57,65,79,2
2811,548,33,638,1,909,88,57,65,76,2
3209,566,135,3849,3,927,33,57,65,78,1
3074,415,88,2428,2,919,37,57,65,85,2
2811,548,33,3370,3,910,88,57,65,79,1
870,574,88,4302,3,903,88,57,65,76,2
14,330,88,2591,1,930,9.9,57,65,86,2
1305,611,33,346,3,911,88,57,65,86,1
321,617,9.9,376,3,905,88,57,65,80,1
358,344,88,2768,2,921,37,57,65,84,2
2062,434,33,1799,3,931,9.9,57,65,89,2
2465,447,88,1456,3,908,88,57,65,78,1
1538,636,37,2751,3,918,37,57,65,80,1
3815,487,33,3400,3,904,88,57,65,75,1
2137,575,88,2338,3,907,88,57,65,76,1
827,612,33,2451,2,913,88,57,65,79,2
805,638,33,3649,2,951,33,58,66,79,2
3912,684,33,4254,2,955,33,58,66,84,2
281,444,88,2351,3,941,88,58,66,85,1
4299,348,88,3729,3,935,88,58,66,77,1
2189,623,9.9,562,3,946,88,58,66,87,1
2718,414,88,1239,3,964,9.9,58,66,83,1
2666,513,9.9,1863,3,944,88,58,66,78,1
888,479,88,1829,2,932,88,58,66,83,2
2344,366,33,3599,3,933,88,58,66,86,1
3700,633,33,2551,2,961,33,58,66,88,2
4327,491,25,3468,3,934,88,58,66,86,1
3424,545,33,4332,2,956,33,58,66,76,2
3660,551,33,1571,2,960,33,58,66,77,2
1457,685,37,3327,2,952,37,58,66,88,2
2337,620,135,44,2,942,88,58,66,76,2
1844,569,88,1202,2,940,88,58,66,83,2
3681,546,33,1079,2,958,33,58,66,90,2
262,700,135,2932,2,953,33,58,66,82,2
3876,564,33,690,2,947,33,58,66,78,2
2149,530,33,120,2,957,33,58,66,82,2
2221,669,33,1419,2,949,33,58,66,83,2
181,406,33,3351,3,938,88,58,66,76,1
3535,639,33,1534,1,943,88,58,66,81,2
4148,673,33,416,2,950,33,58,66,83,2
624,615,33,4343,2,954,33,58,66,83,2
723,603,33,4055,3,945,88,58,66,77,1
1660,313,33,2589,2,963,135,58,66,76,2
3962,469,88,284,2,959,37,58,66,80,2
4062,442,88,433,3,948,37,58,66,83,1
1578,514,135,3518,3,936,88,58,66,84,2
1973,416,88,983,2,937,88,58,66,82,2
3091,571,88,1895,2,939,88,58,66,76,2
2552,257,25,3694,3,962,25,58,66,80,1
1154,483,33,3748,3,981,33,59,67,80,1
1201,698,37,1240,2,967,88,59,67,85,2
2801,420,33,3820,2,972,88,59,67,85,2
1190,379,88,3524,2,989,88,59,67,84,2
2095,563,33,47,2,979,33,59,67,88,2
2641,527,33,288,2,969,88,59,67,91,2
1501,724,37,4157,3,982,9.9,59,67,77,1
1538,636,37,4042,3,971,88,59,67,86,2
2585,554,33,2655,3,974,88,59,67,83,1
1820,331,88,1855,2,986,25,59,67,86,2
3074,415,88,2507,2,970,88,59,67,90,2
1346,451,88,2383,3,978,37,59,67,80,1
4060,490,33,3008,2,988,9.9,59,67,81,2
93,484,33,3152,3,965,88,59,67,77,1
2229,602,37,4220,3,968,88,59,67,91,1
4112,383,33,502,3,975,88,59,67,88,1
3074,415,88,85,2,985,37,59,67,87,2
2993,465,135,3212,3,977,88,59,67,80,1
3912,684,33,1429,2,980,33,59,67,88,2
4184,579,37,4012,3,973,88,59,67,78,1
517,618,33,2747,2,984,33,59,67,80,2
2098,556,33,1327,3,966,88,59,67,91,1
531,544,33,4052,3,976,88,59,67,77,1
3333,515,9.9,4342,2,987,37,59,67,81,1
3835,454,88,3624,3,983,88,59,67,86,1
1185,295,88,3680,3,992,88,60,68,85,2
3542,634,33,1908,2,1014,88,60,68,79,2
4148,673,33,771,3,997,88,60,68,80,1
3189,508,33,51,2,1009,33,60,68,85,2
2577,614,33,3186,3,1000,88,60,68,89,1
262,700,135,105,2,1004,33,60,68,81,2
2459,507,33,2988,2,1007,33,60,68,92,2
1294,338,9.9,8,3,1001,88,60,68,90,1
2907,703,88,2437,2,991,88,60,68,81,2
962,349,88,1063,3,1010,37,60,68,81,1
2084,731,135,3443,2,1008,33,60,68,86,2
2229,602,37,4295,3,993,88,60,68,91,1
1154,483,33,2180,2,999,88,60,68,85,2
3681,546,33,2707,2,1006,33,60,68,91,2
952,687,33,1082,2,1012,33,60,68,82,2
538,739,88,3488,2,1011,37,60,68,91,2
2641,527,33,1689,2,1003,33,60,68,85,2
1578,514,135,1213,2,995,88,60,68,89,2
3209,566,135,2777,3,1002,33,60,68,82,1
2509,453,88,3527,3,998,88,60,68,83,2
316,459,33,2831,3,994,88,60,68,87,2
60,730,9.9,489,3,990,88,60,68,87,1
3787,732,88,3573,3,1013,9.9,60,68,79,1
839,421,33,3384,2,1005,33,60,68,84,2
2504,692,37,3181,2,996,88,60,68,88,2
2120,797,33,461,3,1037,9.9,61,69,81,1
4062,442,88,2590,2,1026,37,61,69,93,2
1310,404,37,4237,2,1027,37,61,69,91,2
879,424,88,2935,1,1016,88,61,69,79,2
3984,786,37,3357,2,1032,37,61,69,87,2
1847,801,33,3115,2,1031,33,61,69,82,2
127,753,33,1886,3,1035,88,61,69,83,1
209,719,33,4001,3,1034,9.9,61,69,91,1
2057,726,33,2061,3,1019,88,61,69,93,1
3542,634,33,3041,2,1022,88,61,69,80,2
2084,731,135,412,2,1028,33,61,69,88,1
1724,647,88,3047,2,1036,135,61,69,90,2
1292,596,88,1127,2,1017,88,61,69,88,2
1018,723,37,3350,2,1023,37,61,69,92,2
1174,594,88,2114,2,1030,37,61,69,79,2
2084,731,135,682,3,1029,33,61,69,80,2
1804,481,88,2979,3,1020,88,61,69,90,1
1453,631,88,397,2,1024,37,61,69,90,2
1538,636,37,286,3,1025,37,61,69,92,1
804,485,33,4321,3,1021,88,61,69,84,1
519,738,88,3053,2,1015,88,61,69,85,2
3960,713,33,1961,2,1033,33,61,69,81,2
2620,361,33,4161,2,1018,88,61,69,85,2
1145,635,33,1165,1,1040,88,62,70,82,2
999,758,33,2390,3,1061,25,62,70,93,1
3209,566,135,2555,2,1057,33,62,70,86,2
1953,820,33,411,2,1053,33,62,70,93,2
3132,410,88,4013,3,1063,135,62,70,82,1
2116,553,33,3230,2,1056,33,62,70,83,1
3879,641,33,3650,2,1038,88,62,70,89,2
262,700,135,3178,3,1049,33,62,70,84,2
3303,823,88,3315,3,1058,88,62,70,82,2
2925,681,33,3145,3,1041,88,62,70,93,2
344,711,33,1290,2,1054,33,62,70,92,2
1174,594,88,2231,3,1047,37,62,70,86,1
3376,456,88,2050,3,1052,37,62,70,94,1
262,700,135,4273,2,1050,33,62,70,81,2
823,721,37,2701,2,1044,88,62,70,87,2
4033,760,37,1051,2,1055,37,62,70,89,2
2417,604,33,62,3,1045,88,62,70,85,2
262,700,135,2117,2,1048,33,62,70,82,2
1291,821,33,905,2,1060,33,62,70,83,2
1847,801,33,3223,2,1051,33,62,70,91,2
2641,527,33,2130,2,1059,33,62,70,93,2
2059,590,88,36,2,1039,88,62,70,82,2
3768,610,33,2439,3,1064,88,62,70,83,1
3874,686,33,2749,3,1042,88,62,70,93,1
999,758,33,4139,3,1062,88,62,70,83,1
2226,657,33,1420,3,1043,88,62,70,94,1
2999,363,33,3282,3,1046,88,62,70,94,1
595,655,33,4151,2,1082,88,63,71,85,2
3462,717,33,3712,2,1073,88,63,71,95,1
1006,510,37,4171,3,1065,88,63,71,89,1
170,560,25,2567,3,1076,37,63,71,83,1
1196,777,88,1053,2,1067,88,63,71,90,2
1453,631,88,2034,3,1074,37,63,71,94,1
1847,801,33,639,2,1075,33,63,71,91,2
3984,786,37,4021,3,1069,88,63,71,91,2
2921,475,88,2342,2,1080,135,63,71,85,2
3209,566,135,4044,3,1079,25,63,71,84,1
3536,828,88,912,3,1068,88,63,71,81,1
2486,819,33,670,2,1070,88,63,71,93,2
4034,595,88,3001,2,1071,88,63,71,94,2
2058,433,33,1934,3,1081,9.9,63,71,82,1
2610,812,88,1710,3,1077,37,63,71,95,1
595,655,33,450,3,1072,88,63,71,88,1
3392,810,88,2386,2,1078,37,63,71,87,2
519,738,88,918,3,1066,88,63,71,81,1
359,746,33,1452,2,1102,33,64,72,84,2
3782,816,33,115,2,1092,88,64,72,86,1
2882,417,33,2237,3,1083,88,64,72,89,1
2733,796,33,1955,3,1084,88,64,72,82,1
653,494,135,767,3,1094,88,64,72,88,1
2740,376,88,4011,2,1093,88,64,72,93,2
812,708,88,2996,3,1087,88,64,72,82,1
2084,731,135,417,2,1097,33,64,72,92,2
3595,772,88,2490,3,1098,37,64,72,83,2
366,833,88,1868,2,1105,135,64,72,89,2
122,714,33,1108,3,1086,88,64,72,83,1
2687,429,88,1556,3,1085,88,64,72,93,2
4344,532,88,1753,1,1103,135,64,72,87,2
2084,731,135,1014,2,1101,33,64,72,89,2
3424,545,33,1923,1,1106,9.9,64,72,82,2
3768,610,33,3336,3,1089,88,64,72,95,1
3739,422,33,1341,3,1104,9.9,64,72,93,1
3838,822,33,4022,3,1090,88,64,72,93,1
3325,882,37,123,2,1096,37,64,72,87,2
2669,407,33,3832,3,1088,88,64,72,86,1
2095,563,33,2422,3,1091,88,64,72,92,1
359,746,33,12,2,1100,33,64,72,93,2
1227,849,33,149,3,1095,88,64,72,87,1
477,793,37,3043,3,1099,37,64,72,84,1
2116,553,33,2951,2,1118,88,65,73,97,2
1087,755,37,637,3,1113,88,65,73,90,1
4034,595,88,152,1,1122,88,65,73,95,2
3874,686,33,2968,3,1129,88,65,73,88,1
3113,624,88,1169,2,1125,37,65,73,97,2
1807,472,88,2671,1,1115,88,65,73,91,2
3159,542,33,2360,3,1111,88,65,73,84,1
3924,914,33,1936,2,1120,33,65,73,95,2
4213,616,33,2152,2,1128,88,65,73,95,2
3406,827,135,3963,3,1108,88,65,73,90,1
3096,900,9.9,3094,3,1130,88,65,73,87,1
2084,731,135,4058,2,1123,33,65,73,93,2
3333,515,9.9,3308,3,1116,88,65,73,89,1
3617,626,88,4162,1,1121,45,65,73,95,2
3627,531,25,1512,3,1109,88,65,73,86,1
1000,877,88,1942,3,1107,88,65,73,85,1
605,645,33,558,3,1110,88,65,73,88,1
1516,875,88,2378,2,1117,88,65,73,94,2
2058,433,33,3114,3,1124,25,65,73,90,1
1382,599,33,1980,2,1119,88,65,73,87,2
2337,620,135,3134,2,1127,88,65,73,96,2
2962,578,37,4208,3,1114,88,65,73,87,1
2486,819,33,3378,2,1112,88,65,73,83,2
3958,789,33,2312,2,1126,33,65,73,84,2
1500,707,88,1075,2,1132,88,66,74,85,2
886,855,37,3007,1,1151,135,66,74,95,2
3167,834,88,2853,3,1143,88,66,74,85,1
1780,769,9.9,2330,2,1141,88,66,74,91,2
3768,610,33,1715,3,1150,88,66,74,92,1
1857,925,37,1510,2,1147,37,66,74,93,2
1457,685,37,432,3,1145,88,66,74,86,2
3329,539,88,2156,1,1139,88,66,74,96,2
389,355,88,1876,2,1140,88,66,74,86,2
857,824,33,4141,1,1136,88,66,74,95,2
2589,963,135,1334,2,1148,37,66,74,96,2
1687,658,33,2282,3,1135,88,66,74,85,2
1716,920,33,1539,3,1146,33,66,74,95,1
3985,829,9.9,1137,3,1131,88,66,74,91,1
1478,860,33,2251,3,1142,88,66,74,97,1
346,911,88,4239,3,1133,88,66,74,90,2
3039,868,88,491,3,1134,88,66,74,96,1
4105,683,33,735,2,1144,88,66,74,87,2
3173,609,33,3314,3,1138,88,66,74,89,1
668,427,88,691,2,1149,37,66,74,85,2
2882,417,33,289,2,1137,88,66,74,94,2
999,758,33,511,2,1152,88,66,74,96,2
1867,889,37,1520,3,1173,37,67,75,87,1
4152,536,88,2250,2,1154,88,67,75,87,2
364,843,33,354,3,1179,88,67,75,92,1
3938,775,88,1574,2,1177,37,67,75,89,2
890,851,33,59,2,1159,88,67,75,89,2
3617,626,88,1049,2,1175,45,67,75,86,2
1323,622,88,3497,2,1172,37,67,75,88,2
1478,860,33,3877,2,1161,88,67,75,99,2
1414,750,33,1553,3,1178,9.9,67,75,96,1
3840,728,33,3240,3,1158,88,67,75,99,1
2784,782,37,1878,2,1170,37,67,75,98,2
2502,783,33,2341,3,1164,88,67,75,85,1
2321,795,37,52,3,1162,88,67,75,87,1
2321,795,37,3503,3,1163,88,67,75,93,1
2225,901,9.9,3247,3,1155,88,67,75,97,1
2610,812,88,1096,3,1176,37,67,75,85,2
3209,566,135,1777,2,1168,33,67,75,93,2
1204,922,37,3828,3,1167,37,67,75,88,2
3798,804,88,1339,1,1174,45,67,75,93,2
1418,891,135,2037,3,1153,88,67,75,99,1
1544,878,88,1603,2,1166,37,67,75,88,2
2610,812,88,2952,2,1171,37,67,75,90,2
1456,908,88,3112,2,1156,88,67,75,91,2
2589,963,135,982,2,1165,37,67,75,92,2
3209,566,135,3218,2,1169,33,67,75,87,2
2226,657,33,2107,3,1160,88,67,75,94,1
444,580,33,990,3,1157,88,67,75,92,1
389,355,88,2702,3,1181,88,68,76,90,1
88,899,9.9,3015,3,1182,88,68,76,87,1
2948,774,88,1164,2,1183,88,68,76,95,2
2809,522,88,2183,1,1180,88,68,76,97,2
1130,894,37,2719,2,1192,37,68,76,90,1
517,618,33,3891,2,1186,88,68,76,89,2
1150,845,37,574,2,1195,37,68,76,90,2
60,730,9.9,2729,2,1185,88,68,76,97,2
3617,626,88,2368,2,1188,88,68,76,97,2
4215,696,33,2629,3,1190,88,68,76,99,1
1855,986,25,3631,3,1194,37,68,76,86,1
595,655,33,3307,2,1187,88,68,76,93,2
3782,816,33,2933,3,1189,88,68,76,87,1
479,605,33,371,3,1193,33,68,76,97,1
4137,581,33,3233,2,1196,33,68,76,88,2
130,831,88,725,3,1197,37,68,76,99,1
2344,366,33,2971,3,1184,88,68,76,92,1
3609,503,88,1694,3,1191,88,68,76,92,1
2435,902,88,443,2,1205,88,69,77,89,2
2978,694,37,3169,2,1211,88,69,77,91,2
2428,919,37,867,3,1218,37,69,77,94,1
3129,559,25,2557,2,1223,25,69,77,98,2
3181,996,88,3675,2,1215,37,69,77,97,1
2084,731,135,1526,2,1214,33,69,77,91,2
2982,897,33,3731,1,1208,88,69,77,94,2
3627,531,25,3576,2,1202,88,69,77,93,2
3424,545,33,3458,3,1206,88,69,77,98,1
1227,849,33,3882,3,1221,25,69,77,89,1
281,444,88,1282,2,1207,88,69,77,97,2
2114,1030,37,3517,2,1217,37,69,77,88,2
3085,763,33,2099,3,1204,88,69,77,99,1
3226,562,25,3143,3,1209,88,69,77,90,1
771,997,88,482,3,1198,88,69,77,88,1
3038,766,37,1729,3,1201,88,69,77,91,1
2810,680,88,1153,2,1222,135,69,77,87,2
397,1024,37,159,2,1220,37,69,77,100,2
284,959,37,608,2,1216,37,69,77,91,2
788,699,37,3846,2,1213,37,69,77,89,2
2303,770,9.9,2739,3,1199,88,69,77,96,1
1418,891,135,1916,3,1200,88,69,77,88,1
2676,848,33,2236,3,1203,88,69,77,96,1
412,1028,33,1285,2,1219,33,69,77,97,2
2589,963,135,3242,3,1212,37,69,77,87,1
2589,963,135,3139,2,1210,88,69,77,92,2
2035,695,37,3012,3,1224,88,70,78,97,1
3008,988,9.9,35,2,1250,33,70,78,98,2
905,1060,33,1576,2,1253,33,70,78,93,2
905,1060,33,2638,2,1240,33,70,78,102,1
1867,889,37,635,2,1254,37,70,78,88,2
2575,785,33,1612,3,1255,9.9,70,78,90,1
85,985,37,3866,3,1233,88,70,78,89,1
2925,681,33,3999,3,1232,88,70,78,99,1
4302,903,88,4066,2,1243,37,70,78,100,2
3372,916,33,3495,3,1256,9.9,70,78,99,1
4256,866,135,4018,3,1228,88,70,78,99,1
412,1028,33,532,3,1226,88,70,78,98,1
3008,988,9.9,4047,2,1251,33,70,78,90,2
2619,893,37,1583,2,1241,37,70,78,102,2
2153,841,33,2433,2,1236,33,70,78,101,2
3101,640,33,3668,3,1230,88,70,78,94,1
3443,1008,33,279,2,1237,33,70,78,93,2
682,1029,33,1406,3,1249,33,70,78,98,1
3820,972,88,287,2,1238,37,70,78,92,2
2555,1057,33,2765,2,1244,33,70,78,93,2
3333,515,9.9,1950,2,1235,88,70,78,90,2
36,1039,88,533,2,1258,88,70,78,100,2
4042,971,88,3316,2,1239,33,70,78,92,2
2035,695,37,3944,3,1225,88,70,78,97,1
3384,1005,33,4135,2,1257,88,70,78,92,2
2948,774,88,3829,3,1227,88,70,78,90,2
3716,864,9.9,1906,2,1245,37,70,78,99,2
4273,1050,33,3861,2,1248,33,70,78,94,2
804,485,33,3465,3,1229,88,70,78,100,1
1534,943,88,3403,1,1252,45,70,78,100,2
3008,988,9.9,2442,3,1231,88,70,78,90,1
2619,893,37,2645,3,1242,37,70,78,100,1
2175,815,33,3414,3,1234,88,70,78,89,2
3392,810,88,2196,3,1246,37,70,78,92,1
1236,856,37,1836,2,1247,37,70,78,91,1
4105,683,33,693,2,1263,88,71,79,91,2
2437,991,88,733,2,1268,37,71,79,95,2
638,909,88,969,3,1276,25,71,79,101,1
3573,1013,9.9,2456,3,1261,88,71,79,93,1
1847,801,33,3360,2,1279,9.9,71,79,89,1
2428,919,37,945,2,1271,37,71,79,89,2
3974,759,33,1800,1,1259,88,71,79,93,2
4001,1034,9.9,3654,3,1262,88,71,79,96,1
1291,821,33,748,2,1277,33,71,79,89,2
1079,958,33,1084,2,1273,33,71,79,99,2
2982,897,33,1297,3,1266,88,71,79,103,1
397,1024,37,3335,1,1264,88,71,79,100,2
4042,971,88,2579,2,1269,33,71,79,91,2
2733,796,33,1099,3,1260,88,71,79,102,1
3178,1049,33,2691,2,1272,33,71,79,94,2
1145,635,33,717,3,1265,88,71,79,94,2
1857,925,37,2260,2,1270,37,71,79,89,2
1051,1055,37,1151,3,1267,88,71,79,89,2
999,758,33,3260,3,1278,88,71,79,89,1
1160,781,37,1316,2,1274,37,71,79,94,2
262,700,135,623,2,1275,33,71,79,94,2
2676,848,33,2425,3,1285,88,72,80,99,1
4139,1062,88,1443,3,1283,88,72,80,100,1
804,485,33,609,3,1303,9.9,72,80,92,2
4273,1050,33,109,2,1300,33,72,80,97,2
1452,1102,33,675,2,1304,9.9,72,80,91,2
2932,953,33,1525,3,1293,33,72,80,94,1
281,444,88,2022,1,1288,88,72,80,91,2
2117,1048,33,3948,2,1299,33,72,80,97,2
3178,1049,33,2111,2,1291,33,72,80,96,2
3595,772,88,2616,2,1292,37,72,80,98,2
4273,1050,33,3,2,1297,33,72,80,95,2
2932,953,33,4241,2,1294,33,72,80,91,2
2249,898,88,2922,3,1287,88,72,80,90,1
1420,1043,88,2874,1,1282,88,72,80,97,2
2784,782,37,1602,3,1284,88,72,80,94,1
2034,1074,37,1941,3,1280,88,72,80,99,2
2226,657,33,724,2,1302,9.9,72,80,100,2
2555,1057,33,3862,2,1301,33,72,80,99,2
2701,1044,88,4029,3,1286,88,72,80,99,1
364,843,33,3045,3,1290,33,72,80,103,1
461,1037,9.9,180,2,1281,88,72,80,96,2
3008,988,9.9,3135,3,1298,33,72,80,99,1
3443,1008,33,2624,2,1295,33,72,80,97,2
1014,1101,33,2972,2,1296,33,72,80,103,2
3838,822,33,184,3,1289,88,72,80,98,2
2225,901,9.9,2046,3,1309,88,73,81,102,1
1240,967,88,3153,3,1321,37,73,81,97,1
8,1001,88,2703,3,1305,88,73,81,91,1
2619,893,37,1685,2,1325,37,73,81,105,2
4044,1079,25,2553,3,1307,88,73,81,91,1
2117,1048,33,4287,3,1315,88,73,81,95,2
3008,988,9.9,863,2,1331,33,73,81,99,2
971,799,33,3109,2,1311,88,73,81,102,2
262,700,135,4048,2,1317,33,73,81,105,2
1556,1085,88,1219,2,1322,37,73,81,95,2
44,942,88,2045,3,1319,33,73,81,94,1
1014,1101,33,1825,2,1329,33,73,81,91,2
3053,1015,88,2634,3,1323,37,73,81,99,2
1240,967,88,2067,2,1320,37,73,81,91,2
149,1095,88,1496,3,1306,88,73,81,95,1
262,700,135,2026,2,1316,33,73,81,100,2
3566,762,33,1332,3,1312,88,73,81,93,1
2676,848,33,2886,3,1310,88,73,81,94,1
3970,691,33,1969,3,1333,9.9,73,81,105,2
1327,966,88,2890,3,1332,135,73,81,103,1
2893,653,33,136,3,1314,88,73,81,104,2
12,1100,33,2323,2,1313,88,73,81,92,2
1000,877,88,161,3,1308,88,73,81,100,2
123,1096,37,2001,2,1326,37,73,81,96,2
4151,1082,88,2743,3,1324,37,73,81,99,1
3114,1124,25,2355,3,1327,37,73,81,99,1
2555,1057,33,964,2,1330,33,73,81,99,1
2180,999,88,2239,2,1318,37,73,81,91,2
4208,1114,88,4035,2,1328,33,73,81,95,2
1980,1119,88,3405,2,1354,37,74,82,101,2
2117,1048,33,193,2,1347,33,74,82,104,2
1780,769,9.9,3670,1,1359,88,74,82,104,2
1169,1125,37,2178,3,1343,37,74,82,100,2
2117,1048,33,3887,2,1348,33,74,82,106,2
1213,995,88,267,3,1355,88,74,82,98,1
2226,657,33,121,3,1341,88,74,82,96,2
1872,787,33,2367,3,1337,88,74,82,105,1
1556,1085,88,4271,1,1358,9.9,74,82,95,2
2847,791,37,2128,3,1335,88,74,82,104,1
2598,761,33,3896,1,1342,88,74,82,103,2
3518,936,88,567,3,1352,37,74,82,97,1
3336,1089,88,2421,3,1334,88,74,82,105,1
905,1060,33,2373,2,1351,33,74,82,94,2
2180,999,88,663,3,1357,37,74,82,96,1
3716,864,9.9,1545,3,1345,37,74,82,92,2
4106,675,88,2228,2,1350,37,74,82,96,1
2437,991,88,2089,2,1346,37,74,82,98,2
1868,1105,135,2942,3,1353,37,74,82,106,1
3716,864,9.9,308,2,1356,37,74,82,96,2
3832,1088,88,1598,3,1340,88,74,82,93,2
2507,970,88,3262,2,1344,37,74,82,96,2
2057,726,33,3352,2,1338,88,74,82,95,2
2383,978,37,3317,2,1339,88,74,82,102,2
3001,1071,88,373,1,1360,9.9,74,82,92,2
1446,584,37,3311,2,1361,9.9,74,82,96,2
1239,964,9.9,3645,3,1336,88,74,82,96,1
3700,633,33,875,2,1349,33,74,82,102,2
1544,878,88,1739,2,1390,88,75,83,102,2
2965,742,88,4059,3,1362,88,75,83,105,1
812,708,88,3653,2,1366,88,75,83,105,2
1829,932,88,3479,2,1371,88,75,83,94,2
905,1060,33,3433,2,1378,33,75,83,94,2
4171,1065,88,2973,2,1386,135,75,83,105,2
2473,874,88,3892,3,1389,88,75,83,100,1
44,942,88,3762,2,1377,33,75,83,103,2
1908,1014,88,1581,2,1373,37,75,83,96,2
637,1113,88,803,2,1363,88,75,83,103,2
1867,889,37,3893,2,1387,37,75,83,107,2
4058,1123,33,1541,3,1374,33,75,83,105,1
2610,812,88,4222,2,1388,37,75,83,106,2
4042,971,88,1503,2,1380,33,75,83,96,1
2237,1083,88,814,1,1364,88,75,83,107,2
3970,691,33,3795,3,1370,88,75,83,106,1
4034,595,88,927,3,1369,88,75,83,103,2
3453,764,37,1228,3,1367,88,75,83,95,1
289,1137,88,1168,2,1384,37,75,83,98,2
3218,1169,33,1601,2,1381,33,75,83,95,2
4042,971,88,212,2,1379,33,75,83,103,2
3181,996,88,3471,2,1383,37,75,83,95,2
812,708,88,449,1,1365,88,75,83,107,2
3820,972,88,942,2,1372,37,75,83,107,2
2249,898,88,4291,2,1385,37,75,83,95,2
44,942,88,202,2,1376,33,75,83,97,2
1556,1085,88,577,2,1382,37,75,83,101,2
1014,1101,33,2510,3,1375,33,75,83,100,1
4022,1090,88,230,3,1368,88,75,83,107,1
3223,1051,33,3257,2,1397,88,76,84,96,2
3828,1167,37,820,3,1402,88,76,84,105,1
511,1152,88,1328,3,1399,88,76,84,97,1
735,1144,88,1367,1,1398,88,76,84,94,2
2390,1061,25,3160,3,1396,88,76,84,104,2
36,1039,88,2460,3,1419,88,76,84,108,1
3877,1161,88,1320,3,1400,88,76,84,96,1
2507,970,88,2798,2,1403,37,76,84,105,2
4162,1121,45,4100,1,1413,45,76,84,94,2
2422,1091,88,1400,2,1395,88,76,84,96,2
3392,810,88,791,2,1414,37,76,84,103,2
44,942,88,4243,3,1415,33,76,84,107,1
3218,1169,33,3172,2,1410,33,76,84,105,2
85,985,37,603,2,1412,37,76,84,106,2
1544,878,88,2469,3,1418,37,76,84,99,1
2251,1142,88,2815,3,1392,88,76,84,98,2
1510,1147,37,1386,2,1409,37,76,84,107,2
691,1149,37,84,3,1417,37,76,84,101,2
1715,1150,88,1366,3,1391,88,76,84,100,2
1446,584,37,3250,2,1408,37,76,84,95,2
3716,864,9.9,3950,3,1406,37,76,84,101,2
1908,1014,88,1851,2,1416,37,76,84,95,2
1617,790,33,3446,3,1401,88,76,84,96,2
3008,988,9.9,1011,2,1407,33,76,84,96,2
1108,1086,88,1045,3,1393,88,76,84,99,2
502,975,88,4063,1,1394,88,76,84,108,1
44,942,88,1148,3,1411,33,76,84,107,1
3392,810,88,3289,2,1404,37,76,84,98,2
3716,864,9.9,3359,3,1405,37,76,84,94,2
1014,1101,33,554,2,1447,33,77,85,105,2
2932,953,33,2911,2,1428,88,77,85,101,2
3167,834,88,3529,2,1431,88,77,85,96,1
3716,864,9.9,1995,2,1442,37,77,85,108,2
2777,1002,33,813,2,1425,88,77,85,107,2
262,700,135,4121,2,1440,33,77,85,99,2
3123,693,37,616,2,1420,88,77,85,97,2
691,1149,37,3436,3,1436,37,77,85,106,1
120,957,33,1661,3,1430,88,77,85,105,1
1153,1222,135,740,2,1443,37,77,85,104,2
2555,1057,33,897,3,1432,33,77,85,106,2
511,1152,88,264,2,1439,37,77,85,100,2
4273,1050,33,876,2,1438,33,77,85,104,2
4270,863,135,3732,2,1449,135,77,85,99,2
2386,1078,37,1573,2,1441,37,77,85,103,2
1327,966,88,1054,3,1444,135,77,85,107,1
2104,884,33,4072,3,1450,88,77,85,98,1
1526,1214,33,2340,2,1434,33,77,85,103,2
1886,1035,88,3103,1,1426,88,77,85,103,2
3357,1032,37,4317,2,1437,37,77,85,101,2
2751,918,37,1472,2,1423,88,77,85,96,2
3576,1202,88,1791,2,1445,33,77,85,105,2
1526,1214,33,3873,2,1435,33,77,85,96,2
88,899,9.9,151,3,1424,88,77,85,101,2
3178,1049,33,585,2,1446,33,77,85,100,2
4041,888,37,710,3,1448,88,77,85,101,1
1777,1168,33,2779,2,1433,33,77,85,108,2
1063,1010,37,3909,3,1427,88,77,85,99,1
3450,840,88,1891,3,1429,88,77,85,102,1
857,824,33,4176,2,1422,88,77,85,97,2
2137,575,88,475,1,1421,88,77,85,96,2
682,1029,33,1959,2,1468,33,78,86,101,2
1063,1010,37,1067,3,1455,88,78,86,98,1
417,1097,33,3612,2,1473,33,78,86,97,2
3307,1187,88,1409,3,1461,88,78,86,107,1
3443,1008,33,4221,2,1467,33,78,86,97,2
2765,1244,33,291,2,1465,33,78,86,108,2
243,752,37,128,3,1453,88,78,86,101,1
2655,974,88,801,1,1452,88,78,86,102,2
3576,1202,88,1771,2,1470,33,78,86,103,2
3576,1202,88,1268,3,1474,33,78,86,110,1
491,1134,88,2187,1,1454,88,78,86,110,2
1510,1147,37,1543,3,1463,37,78,86,107,1
3624,983,88,3754,3,1456,88,78,86,96,1
4171,1065,88,3429,1,1458,88,78,86,96,2
3846,1213,37,3391,3,1479,88,78,86,99,1
262,700,135,1668,2,1472,33,78,86,101,2
3891,1186,88,835,2,1459,88,78,86,102,2
1230,747,33,4015,3,1460,88,78,86,103,2
2567,1076,37,2648,3,1451,88,78,86,110,1
1797,678,88,1823,1,1471,45,78,86,103,2
1829,932,88,780,2,1475,37,78,86,100,2
1980,1119,88,110,2,1462,37,78,86,103,2
1334,1148,37,3294,3,1464,37,78,86,110,1
725,1197,37,3991,3,1457,88,78,86,106,1
4042,971,88,1353,2,1477,33,78,86,105,2
2250,1154,88,451,2,1476,25,78,86,101,2
3877,1161,88,1686,2,1466,37,78,86,106,2
3861,1248,33,2064,2,1469,33,78,86,103,2
2768,921,37,221,2,1478,37,78,86,102,2
1770,650,88,3193,2,1502,37,79,87,109,2
1553,1178,9.9,140,3,1480,88,79,87,109,1
59,1159,88,3883,3,1490,37,79,87,107,2
3924,914,33,3434,2,1503,9.9,79,87,110,2
1691,741,88,843,2,1487,88,79,87,106,1
2117,1048,33,2686,2,1496,33,79,87,101,2
4047,1251,33,3802,2,1495,33,79,87,103,2
3392,810,88,3636,3,1491,37,79,87,98,1
2768,921,37,2814,2,1498,37,79,87,110,2
2383,978,37,217,3,1485,88,79,87,111,1
1169,1125,37,1381,2,1497,37,79,87,106,2
1553,1178,9.9,594,3,1481,88,79,87,99,1
123,1096,37,3589,2,1501,37,79,87,104,2
574,1195,37,3147,3,1500,37,79,87,106,1
3008,988,9.9,930,2,1493,33,79,87,104,2
2555,1057,33,3205,3,1489,88,79,87,101,2
3218,1169,33,2429,3,1488,88,79,87,104,1
3316,1239,33,607,2,1492,33,79,87,97,1
3576,1202,88,3119,3,1494,33,79,87,105,1
60,730,9.9,540,3,1483,88,79,87,102,1
1556,1085,88,3188,2,1499,37,79,87,107,2
3143,1209,88,3506,3,1484,88,79,87,107,1
4001,1034,9.9,4191,3,1482,88,79,87,109,1
1213,995,88,1860,3,1486,88,79,87,107,1
511,1152,88,2126,2,1525,88,80,88,103,2
1282,1207,88,2980,2,1518,37,80,88,111,2
905,1060,33,1706,2,1524,33,80,88,98,2
2196,1246,37,4210,3,1506,88,80,88,109,2
3186,1000,88,2753,1,1508,88,80,88,111,2
1202,940,88,2706,2,1512,88,80,88,101,2
3465,1229,88,2915,2,1504,88,80,88,103,2
2579,1269,33,2562,2,1511,88,80,88,110,2
287,1238,37,236,2,1517,37,80,88,112,2
3877,1161,88,3756,3,1519,37,80,88,99,1
3314,1138,88,2074,3,1507,88,80,88,98,1
3861,1248,33,1209,2,1520,33,80,88,111,2
354,1179,88,1811,3,1509,88,80,88,102,1
1049,1175,45,4260,1,1523,45,80,88,112,2
1169,1125,37,3080,2,1522,37,80,88,106,2
3134,1127,88,830,3,1514,88,80,88,103,1
3443,1008,33,3582,2,1521,33,80,88,105,2
1417,674,135,2767,3,1515,88,80,88,106,1
120,957,33,2954,2,1513,88,80,88,107,2
3548,917,33,1134,3,1510,88,80,88,107,2
2565,858,88,408,3,1505,88,80,88,100,1
2555,1057,33,185,2,1516,33,80,88,101,2
3524,989,88,3208,3,1538,88,81,89,104,1
1053,1067,88,1637,2,1535,45,81,89,107,2
1169,1125,37,1210,2,1533,37,81,89,110,2
2442,1231,88,2029,3,1526,88,81,89,103,1
62,1045,88,3513,2,1541,88,81,89,101,2
3315,1058,88,361,2,1529,88,81,89,102,2
1153,1222,135,589,3,1537,37,81,89,110,1
2034,1074,37,2930,3,1527,88,81,89,111,2
1777,1168,33,3751,3,1531,88,81,89,113,1
2152,1128,88,2539,3,1530,88,81,89,103,1
3524,989,88,2170,2,1540,88,81,89,109,2
1685,1325,37,425,2,1539,37,81,89,103,2
2037,1153,88,2044,2,1528,88,81,89,100,2
3820,972,88,3428,2,1534,37,81,89,99,2
3,1297,33,3744,3,1532,88,81,89,109,1
2368,1188,88,150,1,1536,45,81,89,113,1
287,1238,37,4276,2,1556,37,82,90,110,2
4035,1328,33,3752,2,1563,33,82,90,104,2
3378,1112,88,2488,3,1552,37,82,90,102,1
3948,1299,33,759,2,1551,33,82,90,107,1
1553,1178,9.9,3138,3,1544,88,82,90,110,2
3153,1321,37,2802,3,1543,88,82,90,107,1
1934,1081,9.9,1897,2,1566,135,82,90,102,2
1694,1191,88,3852,2,1542,88,82,90,104,2
4135,1257,88,806,2,1557,37,82,90,110,2
3576,1202,88,3079,2,1559,33,82,90,109,2
417,1097,33,3318,3,1567,88,82,90,100,2
417,1097,33,1267,2,1560,33,82,90,104,2
735,1144,88,227,2,1562,37,82,90,103,2
35,1250,33,1380,2,1550,33,82,90,102,2
2490,1098,37,924,3,1548,88,82,90,108,1
2490,1098,37,3464,3,1558,37,82,90,113,2
3360,1279,9.9,861,2,1564,135,82,90,101,2
3882,1221,25,2464,2,1545,88,82,90,109,2
4066,1243,37,56,2,1549,88,82,90,100,2
2323,1313,88,3500,3,1547,88,82,90,101,2
4271,1358,9.9,3971,1,1561,45,82,90,107,2
287,1238,37,3581,2,1555,37,82,90,106,2
3045,1290,33,1248,1,1565,135,82,90,102,2
3767,697,25,3044,3,1546,88,82,90,100,1
2239,1318,37,457,2,1553,37,82,90,104,2
3716,864,9.9,395,3,1554,37,82,90,103,2
4047,1251,33,2476,2,1576,33,83,91,103,2
1341,1104,9.9,1161,3,1570,88,83,91,115,1
3762,1377,33,1229,2,1581,33,83,91,103,2
397,1024,37,1044,2,1579,37,83,91,109,2
193,1347,33,365,3,1571,88,83,91,105,1
1583,1241,37,2484,1,1575,37,83,91,103,2
3861,1248,33,459,3,1573,88,83,91,114,1
2634,1323,37,4313,3,1580,37,83,91,113,2
2111,1291,33,3900,2,1584,33,83,91,110,2
59,1159,88,2501,1,1572,88,83,91,101,2
3488,1011,37,2991,3,1590,88,83,91,115,1
2555,1057,33,966,2,1583,33,83,91,102,2
748,1277,33,1036,2,1588,33,83,91,102,2
1014,1101,33,31,3,1589,9.9,83,91,102,1
2378,1117,88,1187,2,1585,37,83,91,106,2
2942,1353,37,2529,3,1569,88,83,91,110,1
3653,1366,88,472,3,1586,37,83,91,112,2
4161,1018,88,3356,2,1577,37,83,91,101,2
4044,1079,25,1028,2,1568,88,83,91,112,2
1503,1380,33,784,2,1587,33,83,91,113,2
3861,1248,33,15,2,1582,33,83,91,103,2
2001,1326,37,3421,2,1578,37,83,91,110,2
735,1144,88,94,2,1574,37,83,91,115,2
3891,1186,88,2757,3,1596,88,84,92,114,1
121,1341,88,809,2,1602,88,84,92,113,2
735,1144,88,4168,3,1605,37,84,92,102,1
3861,1248,33,3249,2,1611,33,84,92,107,2
562,946,88,1696,1,1592,88,84,92,114,2
2968,1129,88,3388,2,1593,88,84,92,110,1
1213,995,88,920,3,1616,88,84,92,106,1
2373,1351,33,4122,2,1612,33,84,92,107,2
3250,1408,37,3049,2,1608,37,84,92,105,2
373,1360,9.9,4202,3,1598,88,84,92,102,1
4161,1018,88,2194,2,1606,37,84,92,102,2
308,1356,37,2601,3,1610,37,84,92,113,2
3862,1301,33,419,3,1599,88,84,92,104,2
4048,1317,33,3841,2,1607,33,84,92,108,2
3861,1248,33,2650,2,1600,88,84,92,114,2
2231,1047,37,3480,3,1594,88,84,92,111,1
3877,1161,88,2899,3,1609,37,84,92,104,1
3153,1321,37,1499,3,1591,88,84,92,110,1
2323,1313,88,1167,2,1604,37,84,92,114,2
2330,1141,88,2534,3,1595,88,84,92,105,1
3846,1213,37,3770,3,1614,37,84,92,116,2
574,1195,37,505,1,1597,88,84,92,111,2
3311,1361,9.9,1064,2,1601,88,84,92,115,2
4011,1093,88,1095,3,1617,88,84,92,107,2
1857,925,37,4014,3,1603,88,84,92,113,1
161,1308,88,1693,3,1613,37,84,92,103,1
4222,1388,37,807,3,1615,9.9,84,92,112,1
1729,1201,88,2875,3,1621,88,85,93,103,1
1418,891,135,3764,2,1619,88,85,93,104,2
3479,1371,88,2000,3,1642,9.9,85,93,106,1
2634,1323,37,3385,3,1625,88,85,93,108,1
1386,1409,37,3977,3,1634,37,85,93,113,1
3862,1301,33,292,2,1629,33,85,93,112,2
4241,1294,33,2684,2,1630,33,85,93,115,2
264,1439,37,4068,2,1632,37,85,93,115,2
12,1100,33,4305,3,1643,9.9,85,93,104,2
1716,920,33,2878,2,1627,88,85,93,113,2
2507,970,88,368,2,1636,37,85,93,115,2
1400,1395,88,380,1,1626,88,85,93,116,2
2553,1307,88,3785,2,1624,88,85,93,103,2
3762,1377,33,1948,2,1641,33,85,93,114,2
4291,1385,37,1880,2,1635,37,85,93,105,2
2390,1061,25,353,3,1623,88,85,93,116,1
663,1357,37,1819,3,1620,88,85,93,116,1
634,924,37,534,3,1640,37,85,93,104,1
35,1250,33,2824,3,1631,33,85,93,108,1
1148,1411,33,553,2,1618,88,85,93,106,2
3352,1338,88,348,2,1638,37,85,93,114,2
876,1438,33,2652,2,1637,33,85,93,110,2
59,1159,88,2256,2,1639,37,85,93,105,2
3948,1299,33,3241,2,1628,88,85,93,107,2
308,1356,37,520,2,1633,37,85,93,113,2
2557,1223,25,3395,2,1644,25,85,93,110,2
4044,1079,25,646,3,1622,88,85,93,107,1
3357,1032,37,2635,2,1662,37,86,94,107,2
1014,1101,33,3836,3,1653,88,86,94,104,1
1366,1391,88,640,2,1657,37,86,94,112,2
2046,1309,88,626,3,1649,88,86,94,107,1
4048,1317,33,2654,2,1658,33,86,94,117,2
4221,1467,33,3585,2,1655,33,86,94,109,2
4035,1328,33,3263,2,1659,33,86,94,105,2
4135,1257,88,4314,2,1663,37,86,94,107,2
1169,1125,37,3919,2,1671,88,86,94,111,2
2765,1244,33,960,2,1660,33,86,94,112,2
1800,1259,88,2285,1,1668,45,86,94,113,1
1906,1245,37,3276,2,1667,37,86,94,109,2
1525,1293,33,2661,3,1651,88,86,94,118,2
2952,1171,37,1058,2,1665,37,86,94,112,2
4035,1328,33,3606,2,1670,33,86,94,105,2
2765,1244,33,3474,2,1661,33,86,94,117,2
3247,1155,88,3647,3,1648,88,86,94,107,2
1334,1148,37,601,3,1654,88,86,94,117,1
3352,1338,88,2714,2,1669,37,86,94,109,2
2922,1287,88,2605,3,1650,88,86,94,110,1
2045,1319,33,1546,3,1646,88,86,94,105,2
1612,1255,9.9,1671,2,1645,88,86,94,106,2
3891,1186,88,2876,3,1656,37,86,94,115,1
3762,1377,33,2523,2,1664,33,86,94,109,2
1332,1312,88,2158,2,1647,88,86,94,104,2
3109,1311,88,1464,3,1652,88,86,94,118,2
2911,1428,88,3771,2,1666,37,86,94,106,2
1525,1293,33,2399,3,1672,88,87,95,106,1
2973,1386,135,976,2,1673,88,87,95,114,2
1969,1333,9.9,406,3,1683,88,87,95,117,1
152,1122,88,3646,3,1674,88,87,95,111,1
1011,1407,33,2941,2,1679,33,87,95,112,2
264,1439,37,3831,2,1678,37,87,95,110,2
735,1144,88,2234,2,1677,37,87,95,117,1
1381,1497,37,3856,2,1681,37,87,95,118,2
3517,1217,37,117,2,1676,37,87,95,113,2
35,1250,33,2157,3,1675,33,87,95,110,1
634,924,37,4108,3,1680,37,87,95,107,1
3350,1023,37,2408,2,1682,37,87,95,118,2
2980,1518,37,1832,2,1697,37,88,96,108,2
3891,1186,88,409,2,1700,37,88,96,109,2
1601,1381,33,3709,3,1690,88,88,96,114,2
2779,1433,33,4124,3,1689,88,88,96,112,1
634,924,37,3499,2,1694,37,88,96,114,2
2046,1309,88,1606,1,1686,88,88,96,119,2
623,1275,33,869,2,1695,33,88,96,117,2
3391,1479,88,2958,2,1687,88,88,96,113,1
1367,1398,88,2761,3,1691,88,88,96,117,1
3188,1499,37,195,3,1699,37,88,96,114,1
2629,1190,88,42,2,1688,88,88,96,108,2
717,1265,88,1335,3,1704,88,88,96,116,1
412,1028,33,1631,3,1685,88,88,96,108,1
3873,1435,33,2699,2,1702,88,88,96,115,2
574,1195,37,1782,2,1696,37,88,96,114,2
1583,1241,37,2023,2,1701,37,88,96,119,2
3654,1262,88,2520,3,1684,88,88,96,108,2
3471,1383,37,2154,2,1698,37,88,96,116,2
3576,1202,88,2884,2,1693,33,88,96,115,1
3576,1202,88,981,2,1692,33,88,96,110,2
2152,1128,88,2636,2,1703,88,88,96,111,2
1661,1430,88,1440,2,1708,88,89,97,107,1
2874,1282,88,108,3,1725,9.9,89,97,111,1
2634,1323,37,4129,2,1717,37,89,97,119,1
3612,1473,33,3745,3,1715,33,89,97,121,2
2890,1332,135,4336,3,1709,88,89,97,108,1
2156,1139,88,2828,2,1713,88,89,97,120,2
3311,1361,9.9,164,3,1727,88,89,97,119,2
2187,1454,88,2055,1,1724,45,89,97,107,2
451,1476,25,326,2,1718,37,89,97,109,2
3012,1224,88,89,3,1706,88,89,97,114,1
3795,1370,88,1281,2,1707,88,89,97,107,2
1906,1245,37,3864,3,1711,88,89,97,118,1
2634,1323,37,1175,3,1716,37,89,97,115,1
3314,1138,88,761,3,1705,88,89,97,117,1
1526,1214,33,654,3,1714,88,89,97,110,1
964,1330,33,1097,3,1710,88,89,97,120,2
1739,1390,88,2198,2,1721,37,89,97,107,2
3877,1161,88,1086,2,1726,9.9,89,97,121,2
1510,1147,37,2780,2,1720,37,89,97,115,2
1637,1535,45,4232,1,1723,45,89,97,118,2
511,1152,88,3690,2,1712,88,89,97,118,2
2323,1313,88,621,2,1722,37,89,97,111,2
1545,1345,37,2412,2,1719,37,89,97,121,2
1581,1373,37,1085,2,1741,37,90,98,116,2
813,1425,88,2252,3,1746,37,90,98,119,1
1823,1471,45,537,3,1747,88,90,98,116,1
4239,1133,88,636,1,1745,9.9,90,98,116,2
3359,1405,37,3812,2,1738,37,90,98,112,2
3802,1495,33,4322,2,1742,33,90,98,121,2
2378,1117,88,78,3,1733,88,90,98,120,1
2638,1240,33,3961,3,1729,88,90,98,115,1
3169,1211,88,2423,3,1744,37,90,98,109,1
608,1216,37,2172,2,1740,37,90,98,120,2
2973,1386,135,4228,3,1736,88,90,98,115,1
4035,1328,33,2870,3,1737,88,90,98,122,2
395,1554,37,2280,3,1749,88,90,98,111,1
1014,1101,33,2613,3,1735,88,90,98,114,1
3829,1227,88,1680,3,1743,37,90,98,121,2
2378,1117,88,1956,3,1748,88,90,98,113,1
1045,1393,88,285,2,1739,37,90,98,108,2
3892,1389,88,3567,3,1731,88,90,98,113,1
193,1347,33,1533,3,1734,88,90,98,120,1
1268,1474,33,2723,3,1730,88,90,98,112,2
3007,1151,135,1243,3,1732,88,90,98,112,1
2236,1203,88,1758,3,1728,88,90,98,109,1
2972,1296,33,3170,3,1769,9.9,91,99,117,2
4295,993,88,2452,1,1751,88,91,99,115,2
35,1250,33,2298,2,1764,33,91,99,122,2
3139,1210,88,2685,3,1758,88,91,99,113,1
4018,1228,88,955,2,1767,135,91,99,114,2
3675,1215,37,249,3,1755,88,91,99,110,1
4176,1422,88,2770,2,1763,37,91,99,123,2
863,1331,33,2618,2,1762,33,91,99,118,2
3756,1519,37,4086,3,1754,88,91,99,118,1
693,1263,88,2413,3,1760,88,91,99,109,1
4022,1090,88,4094,2,1752,88,91,99,116,2
2045,1319,33,2537,2,1750,88,91,99,118,2
1637,1535,45,907,1,1765,45,91,99,109,2
1161,1570,88,2406,2,1766,25,91,99,114,2
982,1165,37,1658,3,1757,88,91,99,111,2
2719,1192,37,271,1,1753,88,91,99,116,2
3257,1397,88,2008,2,1759,88,91,99,112,2
724,1302,9.9,1657,2,1761,88,91,99,117,2
1327,966,88,1962,2,1756,88,91,99,117,2
472,1586,37,613,2,1768,37,91,99,114,2
457,1553,37,1591,3,1786,37,92,100,117,1
3208,1538,88,4190,3,1770,88,92,100,120,1
1380,1550,33,1460,2,1784,33,92,100,110,2
2703,1305,88,677,1,1774,88,92,100,119,2
2579,1269,33,199,3,1775,88,92,100,123,1
1443,1283,88,1371,2,1773,88,92,100,120,2
1167,1604,37,1978,2,1782,37,92,100,123,2
2562,1511,88,2364,3,1778,88,92,100,117,1
3883,1490,37,2185,3,1776,88,92,100,113,1
3762,1377,33,4082,2,1785,33,92,100,114,2
3205,1489,88,935,2,1787,37,92,100,112,2
1601,1381,33,4104,3,1780,33,92,100,121,1
803,1363,88,3231,3,1783,37,92,100,123,1
475,1421,88,1700,1,1791,45,92,100,123,2
3712,1073,88,55,1,1772,88,92,100,112,2
616,1420,88,2224,2,1792,9.9,92,100,123,2
2476,1576,33,2800,3,1777,88,92,100,110,1
1095,1617,88,4334,2,1793,9.9,92,100,114,2
806,1557,37,3666,2,1790,37,92,100,116,2
4191,1482,88,3416,2,1771,88,92,100,121,2
1045,1393,88,2950,2,1781,37,92,100,119,2
2476,1576,33,4093,2,1789,33,92,100,111,2
3434,1503,9.9,2985,3,1779,88,92,100,121,2
1739,1390,88,3794,3,1794,88,92,100,116,2
3581,1555,37,3445,2,1788,37,92,100,113,2
801,1452,88,2443,1,1808,45,93,101,116,2
3428,1534,37,4009,2,1802,37,93,101,120,2
4271,1358,9.9,4286,2,1807,45,93,101,119,2
806,1557,37,298,2,1805,37,93,101,114,2
876,1438,33,3855,2,1799,88,93,101,120,2
1011,1407,33,1437,2,1801,33,93,101,123,2
3576,1202,88,1076,2,1804,33,93,101,111,2
3852,1542,88,4008,3,1806,37,93,101,123,1
2802,1543,88,3267,3,1798,88,93,101,117,2
3991,1457,88,4242,2,1797,88,93,101,115,2
3359,1405,37,2214,2,1800,37,93,101,125,2
193,1347,33,1193,2,1810,25,93,101,121,2
3335,1264,88,1957,2,1809,45,93,101,120,2
348,1638,37,3401,2,1803,37,93,101,117,2
1443,1283,88,2086,2,1795,88,93,101,117,2
2886,1310,88,3564,1,1796,88,93,101,118,2
4035,1328,33,1254,2,1821,33,94,102,119,2
924,1548,88,650,2,1813,88,94,102,119,2
4068,1632,37,1761,2,1816,88,94,102,114,2
1386,1409,37,3026,3,1819,37,94,102,114,1
3289,1404,37,1588,3,1823,88,94,102,118,1
1553,1178,9.9,737,3,1814,88,94,102,123,1
589,1537,37,3728,2,1815,88,94,102,115,2
1791,1445,33,3157,2,1818,33,94,102,118,2
279,1237,33,882,1,1817,88,94,102,113,2
2684,1630,33,3164,1,1822,88,94,102,124,2
4162,1121,45,4007,2,1820,45,94,102,116,2
1161,1570,88,3081,2,1811,88,94,102,117,2
2757,1596,88,3607,2,1812,88,94,102,123,2
380,1626,88,3510,1,1837,45,95,103,125,2
780,1475,37,584,3,1835,37,95,103,118,2
3428,1534,37,4274,2,1830,37,95,103,120,2
2714,1669,37,727,3,1836,37,95,103,114,1
3241,1628,88,1982,3,1832,37,95,103,117,1
3647,1648,88,866,2,1838,37,95,103,125,2
3247,1155,88,1246,3,1825,88,95,103,125,1
3795,1370,88,914,2,1824,88,95,103,115,2
3317,1339,88,2881,3,1827,88,95,103,115,1
2194,1606,37,1517,3,1833,37,95,103,116,1
1823,1471,45,2582,3,1828,88,95,103,122,1
4313,1580,37,3898,3,1826,88,95,103,115,1
3405,1354,37,334,3,1829,88,95,103,122,1
976,1673,88,153,2,1831,37,95,103,123,2
3474,1661,33,4277,3,1834,33,95,103,113,1
960,1660,33,3940,3,1842,88,96,104,125,2
419,1599,88,683,3,1850,37,96,104,116,1
3336,1089,88,3380,3,1839,88,96,104,120,2
3893,1387,37,3425,2,1844,88,96,104,120,2
1696,1592,88,2458,1,1854,45,96,104,122,2
1054,1444,135,959,3,1841,88,96,104,123,1
1248,1565,135,1451,2,1857,9.9,96,104,122,2
227,1562,37,3492,2,1849,37,96,104,125,2
1832,1697,37,372,2,1856,37,96,104,117,2
2980,1518,37,718,3,1847,37,96,104,116,1
1380,1550,33,1216,2,1851,33,96,104,124,2
2194,1606,37,2295,2,1846,37,96,104,117,2
3465,1229,88,2444,3,1858,135,96,104,128,1
801,1452,88,2667,1,1853,45,96,104,121,2
227,1562,37,2917,2,1848,37,96,104,120,2
4260,1523,45,2499,2,1843,88,96,104,128,2
3751,1531,88,666,2,1840,88,96,104,122,2
1400,1395,88,2813,3,1855,9.9,96,104,127,2
2636,1703,88,3790,3,1852,37,96,104,118,2
520,1633,37,4328,2,1845,37,96,104,122,2
1671,1645,88,2409,3,1876,88,97,105,123,1
3465,1229,88,1945,2,1862,88,97,105,127,2
3079,1559,33,1947,2,1871,33,97,105,124,2
1581,1373,37,3397,2,1863,88,97,105,117,2
4063,1394,88,3118,1,1875,135,97,105,118,2
406,1683,88,1604,3,1861,88,97,105,128,1
3428,1534,37,2209,3,1879,9.9,97,105,123,2
532,1226,88,1877,2,1860,88,97,105,123,2
2654,1658,33,1222,3,1866,88,97,105,123,1
3205,1489,88,2248,2,1867,88,97,105,128,2
3276,1667,37,2182,2,1872,37,97,105,125,2
3612,1473,33,3867,1,1877,9.9,97,105,124,2
2941,1679,33,3544,3,1865,88,97,105,126,1
1671,1645,88,1669,3,1869,88,97,105,115,2
3841,1607,33,2332,3,1864,88,97,105,129,1
2661,1651,88,3438,3,1868,88,97,105,117,2
603,1412,37,2060,2,1878,9.9,97,105,116,2
1771,1470,33,198,3,1880,9.9,97,105,117,1
589,1537,37,1444,3,1859,88,97,105,119,1
1267,1560,33,3822,2,1870,88,97,105,129,2
4129,1717,37,3881,2,1874,37,97,105,127,2
4314,1663,37,75,2,1873,37,97,105,122,2
2476,1576,33,234,2,1887,33,98,106,128,2
3764,1619,88,3399,1,1883,88,98,106,122,2
326,1718,37,1123,2,1893,37,98,106,129,2
164,1727,88,2424,3,1884,88,98,106,125,1
3335,1264,88,2679,1,1896,45,98,106,127,2
814,1364,88,3277,1,1897,45,98,106,116,2
740,1443,37,1911,2,1886,37,98,106,116,2
425,1539,37,665,2,1898,37,98,106,127,2
2194,1606,37,1447,3,1882,88,98,106,127,2
35,1250,33,4160,2,1899,33,98,106,120,2
2055,1724,45,2964,2,1895,45,98,106,124,2
2634,1323,37,1495,3,1888,37,98,106,121,1
3318,1567,88,2797,3,1900,88,98,106,127,1
740,1443,37,658,3,1885,37,98,106,117,1
2714,1669,37,494,2,1891,37,98,106,120,2
2876,1656,37,2550,2,1881,88,98,106,130,2
2780,1720,37,1830,2,1894,37,98,106,125,2
451,1476,25,2640,2,1892,37,98,106,123,2
409,1700,37,3340,3,1889,37,98,106,129,1
1880,1635,37,726,3,1890,37,98,106,125,1
2488,1552,37,660,2,1907,88,99,107,121,2
1956,1748,88,3541,2,1903,88,99,107,129,1
2824,1631,33,96,3,1902,88,99,107,121,1
907,1765,45,887,2,1917,45,99,107,125,2
1573,1441,37,775,3,1920,9.9,99,107,130,1
2170,1540,88,758,2,1919,88,99,107,118,2
2973,1386,135,1370,3,1911,88,99,107,125,2
108,1725,9.9,163,2,1904,88,99,107,122,2
2911,1428,88,3711,2,1913,37,99,107,124,2
2252,1746,37,2664,3,1905,88,99,107,124,1
1878,1170,37,3168,3,1910,88,99,107,127,2
2537,1750,88,2568,3,1914,37,99,107,121,1
532,1226,88,836,3,1906,88,99,107,129,1
3647,1648,88,2306,3,1918,88,99,107,131,1
3109,1311,88,431,3,1908,88,99,107,123,1
3606,1670,33,2356,3,1912,88,99,107,129,1
2298,1764,33,3907,2,1916,33,99,107,117,2
2452,1751,88,3686,3,1921,9.9,99,107,118,1
4232,1723,45,1013,3,1909,88,99,107,129,2
4015,1460,88,148,2,1915,37,99,107,121,2
920,1616,88,2434,3,1901,88,99,107,124,1
2000,1642,9.9,1100,2,1936,135,100,108,124,2
981,1692,33,454,2,1929,33,100,108,119,2
285,1739,37,4,3,1924,88,100,108,129,1
553,1618,88,4325,2,1931,37,100,108,130,2
94,1574,37,943,3,1927,37,100,108,128,1
2767,1515,88,2009,3,1922,88,100,108,131,1
3188,1499,37,802,2,1928,37,100,108,129,2
976,1673,88,673,2,1930,37,100,108,124,2
3263,1659,33,2961,2,1926,33,100,108,122,2
271,1753,88,2079,2,1935,45,100,108,125,2
1948,1641,33,1483,2,1932,33,100,108,126,2
3513,1541,88,1565,2,1933,37,100,108,132,2
2452,1751,88,1010,2,1934,45,100,108,126,2
2510,1375,33,2242,3,1923,88,100,108,128,1
4305,1643,9.9,948,3,1925,88,100,108,120,1
3513,1541,88,3555,2,1945,37,101,109,126,2
2636,1703,88,3734,3,1941,88,101,109,120,2
84,1417,37,773,2,1940,88,101,109,120,2
1443,1283,88,2204,3,1937,88,101,109,133,1
2399,1672,88,4153,2,1938,88,101,109,128,2
2086,1795,88,1093,2,1943,37,101,109,125,2
2157,1675,33,829,3,1939,88,101,109,120,2
3855,1799,88,1357,3,1944,37,101,109,122,1
835,1459,88,908,2,1946,37,101,109,120,2
2828,1713,88,2007,2,1942,88,101,109,122,2
353,1623,88,892,3,1947,88,102,110,133,1
2539,1530,88,3859,3,1949,88,102,110,123,1
1267,1560,33,1295,2,1967,88,102,110,134,2
1085,1741,37,3928,3,1965,88,102,110,134,1
2046,1309,88,936,2,1964,135,102,110,124,2
2876,1656,37,2716,3,1950,88,102,110,120,1
2958,1687,88,786,3,1948,88,102,110,122,1
1460,1784,33,3689,3,1953,88,102,110,132,2
1957,1809,45,583,1,1959,45,102,110,132,2
4334,1793,9.9,931,3,1954,88,102,110,121,1
472,1586,37,3659,2,1963,37,102,110,121,2
835,1459,88,3885,3,1952,88,102,110,134,1
1193,1810,25,2748,1,1951,88,102,110,129,2
935,1787,37,614,2,1958,37,102,110,126,1
3977,1634,37,1318,1,1960,135,102,110,130,2
1758,1728,88,1928,3,1966,135,102,110,133,1
955,1767,135,1709,2,1956,37,102,110,124,2
2406,1766,25,687,2,1962,25,102,110,127,2
3919,1671,88,2966,2,1955,37,102,110,132,2
1978,1782,37,2376,2,1961,37,102,110,125,2
740,1443,37,3860,3,1957,37,102,110,121,1
981,1692,33,74,2,1979,33,103,111,131,2
3647,1648,88,536,2,1971,88,103,111,130,2
1686,1466,37,3632,2,1983,37,103,111,132,1
2991,1590,88,2288,2,1970,88,103,111,131,2
2798,1403,37,1736,3,1973,88,103,111,134,1
94,1574,37,2233,3,1978,37,103,111,133,1
3856,1681,37,1361,2,1982,37,103,111,133,2
1657,1761,88,3042,3,1977,88,103,111,135,1
1058,1665,37,1241,2,1981,37,103,111,133,1
3883,1490,37,2327,2,1985,37,103,111,126,2
1661,1430,88,4312,2,1969,88,103,111,122,2
1761,1816,88,1321,1,1972,88,103,111,135,2
784,1587,33,81,3,1975,88,103,111,124,1
1076,1804,33,3194,3,1976,88,103,111,123,1
4094,1752,88,4050,2,1984,37,103,111,129,2
2884,1693,33,3437,3,1968,88,103,111,127,1
1371,1773,88,71,2,1974,88,103,111,127,2
348,1638,37,816,3,1980,37,103,111,128,1
814,1364,88,772,1,1989,45,104,112,134,2
2029,1526,88,2168,3,1986,88,104,112,127,1
2753,1508,88,2105,2,1990,45,104,112,123,2
1982,1832,37,3054,3,1987,88,104,112,130,2
603,1412,37,3720,2,1993,88,104,112,122,2
3193,1502,37,1469,2,1991,37,104,112,122,2
449,1365,88,1012,3,1992,25,104,112,128,1
636,1745,9.9,655,3,1988,88,104,112,126,1
2008,1759,88,3035,2,1998,88,105,113,123,2
1945,1862,88,4204,3,2003,37,105,113,128,1
807,1615,9.9,925,2,1997,88,105,113,128,2
199,1775,88,4169,3,1994,88,105,113,123,1
3049,1608,37,2287,2,2002,37,105,113,126,2
2941,1679,33,340,2,2001,33,105,113,124,2
3510,1837,45,144,2,2004,45,105,113,131,2
3709,1690,88,69,2,2000,88,105,113,130,2
2881,1827,88,1885,3,1995,88,105,113,124,1
4129,1717,37,1883,3,1996,88,105,113,131,1
1209,1520,33,3899,3,1999,88,105,113,134,2
1086,1726,9.9,1738,2,2013,37,106,114,128,2
3971,1561,45,3064,1,2011,45,106,114,128,2
3977,1634,37,146,3,2005,88,106,114,137,1
1588,1823,88,3254,1,2006,88,106,114,137,2
2699,1702,88,2774,1,2012,45,106,114,137,2
2295,1846,37,1304,3,2009,37,106,114,124,1
646,1622,88,1566,3,2014,135,106,114,126,1
3822,1870,88,423,2,2010,37,106,114,133,2
2295,1846,37,2427,2,2007,88,106,114,124,2
3893,1387,37,1199,3,2008,88,106,114,126,1
2679,1896,45,2544,2,2027,9.9,107,115,139,2
249,1755,88,4186,3,2015,88,107,115,132,2
108,1725,9.9,1763,3,2026,135,107,115,129,1
4094,1752,88,1105,2,2022,37,107,115,126,2
1830,1894,37,508,2,2021,37,107,115,133,2
2550,1881,88,1848,3,2020,88,107,115,132,1
2605,1650,88,3396,3,2018,88,107,115,138,1
2060,1878,9.9,2024,3,2019,88,107,115,126,1
1495,1888,37,3662,2,2017,88,107,115,138,2
3971,1561,45,4150,1,2024,45,107,115,129,2
1085,1741,37,2662,2,2025,37,107,115,139,2
4093,1789,33,1971,2,2023,33,107,115,125,2
2797,1900,88,1299,3,2016,88,107,115,127,2
153,1831,37,1794,2,2039,37,108,116,132,2
1495,1888,37,2146,3,2030,88,108,116,139,1
1058,1665,37,2048,3,2045,9.9,108,116,130,1
2458,1854,45,1789,3,2037,88,108,116,138,1
2458,1854,45,33,2,2036,88,108,116,139,2
4094,1752,88,2049,3,2044,37,108,116,131,1
3822,1870,88,1171,2,2038,37,108,116,137,2
2008,1759,88,2838,2,2041,37,108,116,128,2
3157,1818,33,3237,3,2032,88,108,116,132,1
348,1638,37,1276,3,2033,88,108,116,138,1
866,1838,37,2895,3,2034,88,108,116,132,1
1123,1893,37,3366,3,2035,88,108,116,135,1
3231,1783,37,2258,2,2028,88,108,116,130,2
1761,1816,88,1118,3,2043,37,108,116,134,1
650,1813,88,2220,2,2042,37,108,116,127,2
654,1714,88,568,3,2031,88,108,116,128,1
3231,1783,37,3799,3,2029,88,108,116,132,1
1911,1886,37,667,2,2040,37,108,116,139,2
2667,1853,45,3362,2,2057,45,109,117,131,2
1444,1859,88,1593,3,2049,88,109,117,139,1
1758,1728,88,2468,1,2047,88,109,117,128,2
2991,1590,88,4225,2,2059,135,109,117,130,2
1782,1696,37,545,2,2056,37,109,117,127,2
3544,1865,88,2471,2,2048,88,109,117,128,2
2408,1682,37,1342,2,2053,37,109,117,134,2
4322,1742,33,2365,3,2052,88,109,117,131,1
2252,1746,37,2690,3,2050,88,109,117,133,2
1877,1860,88,2693,3,2058,37,109,117,131,1
3026,1819,37,2689,3,2051,88,109,117,138,1
3977,1634,37,1191,3,2046,88,109,117,136,1
1877,1860,88,542,3,2054,37,109,117,141,1
976,1673,88,617,3,2055,37,109,117,131,1
2650,1600,88,1396,2,2071,37,110,118,130,2
727,1836,37,731,2,2061,88,110,118,133,2
2813,1855,9.9,2977,2,2068,88,110,118,139,2
2699,1702,88,1659,3,2064,88,110,118,141,1
2828,1713,88,239,2,2074,37,110,118,134,2
3711,1913,37,3669,2,2073,37,110,118,128,2
2295,1846,37,604,3,2072,37,110,118,140,1
198,1880,9.9,1026,3,2063,88,110,118,130,1
1928,1966,135,2219,3,2075,9.9,110,118,140,1
2007,1942,88,1561,3,2069,37,110,118,129,1
1335,1704,88,987,2,2077,135,110,118,136,2
2248,1867,88,3890,3,2065,88,110,118,141,1
1085,1741,37,460,3,2067,88,110,118,129,2
1268,1474,33,2599,2,2062,88,110,118,132,2
454,1929,33,67,3,2070,33,110,118,130,1
1028,1568,88,3095,2,2076,37,110,118,128,2
1175,1716,37,4206,3,2060,88,110,118,138,2
3157,1818,33,3467,3,2066,88,110,118,141,2
583,1959,45,2732,3,2088,88,111,119,130,1
1700,1791,45,3561,3,2086,88,111,119,131,1
1700,1791,45,1372,3,2085,88,111,119,143,1
3898,1826,88,3884,3,2078,88,111,119,142,1
3492,1849,37,1562,2,2093,37,111,119,131,2
1700,1791,45,272,1,2094,45,111,119,130,2
3711,1913,37,86,3,2095,37,111,119,139,2
4232,1723,45,3937,3,2087,88,111,119,137,1
2234,1677,37,3935,3,2079,88,111,119,142,2
908,1946,37,4159,2,2090,37,111,119,133,2
683,1850,37,261,3,2080,88,111,119,138,1
683,1850,37,3520,2,2081,88,111,119,136,1
163,1904,88,1455,2,2082,88,111,119,132,1
2770,1763,37,3006,2,2089,88,111,119,135,2
163,1904,88,3365,2,2091,37,111,119,135,2
1086,1726,9.9,2522,3,2092,37,111,119,141,1
271,1753,88,1636,2,2083,88,111,119,138,2
2406,1766,25,3583,3,2096,25,111,119,141,1
3867,1877,9.9,2028,3,2084,88,111,119,130,1
4313,1580,37,2275,2,2100,37,112,120,134,2
1782,1696,37,855,3,2099,37,112,120,133,1
2332,1864,88,1812,3,2097,88,112,120,135,2
2376,1961,37,276,2,2103,37,112,120,144,2
2288,1970,88,493,2,2101,37,112,120,133,2
4009,1802,37,427,2,2102,37,112,120,140,2
1076,1804,33,3714,3,2098,88,112,120,139,1
948,1925,88,1919,3,2104,88,113,121,144,1
2770,1763,37,4128,2,2110,37,113,121,145,2
726,1890,37,2346,1,2106,88,113,121,134,2
75,1873,37,1030,2,2109,37,113,121,137,2
3157,1818,33,3459,2,2107,88,113,121,131,2
3231,1783,37,3321,2,2105,88,113,121,137,2
3855,1799,88,3451,2,2111,37,113,121,138,2
2685,1758,88,1509,2,2113,135,113,121,143,2
2105,1990,45,4036,3,2108,88,113,121,143,1
650,1813,88,3511,2,2112,37,113,121,139,2
2182,1872,37,3784,3,2115,88,114,122,140,1
584,1835,37,3943,2,2116,88,114,122,139,2
3928,1965,88,3642,2,2114,88,114,122,136,2
2154,1698,37,4016,2,2117,37,114,122,146,2
2699,1702,88,1705,1,2120,45,114,122,133,2
2774,2012,45,3374,2,2119,45,114,122,132,1
4094,1752,88,3549,2,2118,37,114,122,143,2
3064,2011,45,1255,1,2125,45,115,123,146,2
148,1915,37,4265,2,2124,37,115,123,145,2
3856,1681,37,1951,2,2122,37,115,123,140,2
2950,1781,37,1114,2,2123,37,115,123,134,2
537,1747,88,3019,1,2121,88,115,123,144,2
3855,1799,88,1609,2,2129,37,116,124,137,2
1171,2038,37,4080,2,2130,37,116,124,147,2
687,1962,25,928,2,2132,25,116,124,139,2
3064,2011,45,1245,3,2126,88,116,124,137,2
2287,2002,37,2085,3,2127,88,116,124,139,1
3899,1999,88,1249,2,2128,88,116,124,148,2
3064,2011,45,1774,1,2131,45,116,124,142,2
1216,1851,33,2262,2,2141,9.9,117,125,145,2
1105,2022,37,97,3,2134,88,117,125,137,1
2007,1942,88,3092,2,2139,37,117,125,146,2
3881,1874,37,701,2,2138,37,117,125,146,2
4325,1931,37,2358,2,2137,37,117,125,135,2
3790,1852,37,2604,2,2140,37,117,125,146,2
1789,2037,88,1163,3,2133,88,117,125,138,1
1483,1932,33,1090,3,2136,88,117,125,145,1
2917,1848,37,3697,3,2142,88,117,125,136,1
583,1959,45,3377,3,2135,88,117,125,149,2
2838,2041,37,676,2,2154,37,118,126,146,2
4086,1754,88,379,2,2145,88,118,126,150,2
1451,1857,9.9,1646,3,2156,37,118,126,148,1
1947,1871,33,2755,3,2148,88,118,126,147,1
2550,1881,88,2715,2,2150,88,118,126,141,2
1957,1809,45,4074,3,2159,9.9,118,126,148,1
33,2036,88,1599,3,2151,88,118,126,144,1
2544,2027,9.9,2946,2,2152,37,118,126,138,2
3885,1952,88,290,1,2144,88,118,126,145,2
2327,1985,37,13,2,2155,37,118,126,149,2
2458,1854,45,307,1,2157,45,118,126,141,2
423,2010,37,2596,1,2149,88,118,126,136,2
4204,2003,37,4197,3,2147,88,118,126,139,1
2288,1970,88,2603,2,2153,37,118,126,142,2
542,2054,37,1629,3,2146,88,118,126,142,2
1561,2069,37,125,3,2158,88,118,126,141,1
1928,1966,135,3355,2,2143,88,118,126,139,2
1763,2026,135,1672,3,2160,88,119,127,140,2
4160,1899,33,3592,3,2164,9.9,119,127,145,1
802,1928,37,3575,2,2162,88,119,127,143,2
1304,2009,37,3496,3,2161,88,119,127,146,1
2964,1895,45,3010,1,2163,45,119,127,139,2
3884,2078,88,2630,2,2166,88,120,128,141,2
1562,2093,37,3296,3,2169,88,120,128,139,1
4160,1899,33,1997,3,2167,88,120,128,141,1
3669,2073,37,599,3,2168,88,120,128,150,1
3720,1993,88,4073,2,2171,37,120,128,151,2
1241,1981,37,4297,2,2165,88,120,128,141,2
4325,1931,37,3207,3,2170,37,120,128,143,1
4325,1931,37,2215,2,2177,37,121,129,148,2
3859,1949,88,4026,3,2174,88,121,129,142,1
583,1959,45,1358,3,2175,88,121,129,141,1
617,2055,37,3779,3,2172,88,121,129,141,2
1928,1966,135,1769,2,2173,88,121,129,142,2
3437,1968,88,3956,3,2178,135,121,129,139,1
3745,1715,33,1888,3,2176,88,121,129,142,1
3583,2096,25,4247,3,2182,88,122,130,149,1
1100,1936,135,3995,2,2185,37,122,130,140,2
1241,1981,37,2302,2,2181,88,122,130,146,2
4204,2003,37,3726,3,2180,88,122,130,145,1
614,1958,37,3673,3,2179,88,122,130,143,1
427,2102,37,3232,3,2183,88,122,130,140,1
1738,2013,37,1809,3,2184,37,122,130,145,1
3881,1874,37,1756,2,2187,88,123,131,149,2
1830,1894,37,4144,2,2188,37,123,131,145,2
2233,1978,37,2919,1,2191,135,123,131,147,2
4225,2059,135,4070,2,2190,45,123,131,143,2
3890,2065,88,3655,3,2186,88,123,131,146,1
2105,1990,45,58,1,2189,45,123,131,141,2
583,1959,45,1917,3,2192,9.9,123,131,152,1
3492,1849,37,4107,2,2200,37,124,132,149,2
3254,2006,88,3853,1,2198,45,124,132,150,2
2287,2002,37,3460,2,2201,37,124,132,148,2
1659,2064,88,277,3,2204,135,124,132,142,1
887,1917,45,2366,1,2197,45,124,132,151,2
2797,1900,88,1535,3,2199,135,124,132,153,2
1736,1973,88,4340,3,2193,88,124,132,151,1
2427,2007,88,2448,2,2203,37,124,132,156,2
3632,1983,37,766,2,2194,88,124,132,143,2
2275,2100,37,4138,3,2196,88,124,132,150,1
1105,2022,37,367,2,2202,37,124,132,151,2
2220,2042,37,2402,2,2195,88,124,132,152,2
4150,2024,45,1188,1,2211,45,125,133,150,1
1105,2022,37,578,2,2206,37,125,133,157,2
2262,2141,9.9,516,3,2207,37,125,133,151,1
2693,2058,37,3106,2,2205,88,125,133,152,2
887,1917,45,1375,1,2209,45,125,133,157,2
239,2074,37,1287,3,2208,37,125,133,148,1
3362,2057,45,2426,1,2210,45,125,133,145,2
3642,2114,88,832,2,2214,88,126,134,145,1
1636,2083,88,3251,2,2215,37,126,134,152,2
3451,2111,37,305,2,2217,37,126,134,158,2
1565,1933,37,1035,2,2218,37,126,134,154,2
3541,1903,88,3546,2,2212,88,126,134,147,2
3689,1953,88,1515,2,2213,88,126,134,155,2
2599,2062,88,4199,2,2216,37,126,134,156,2
2358,2137,37,1727,2,2222,37,127,135,147,2
4036,2108,88,841,3,2219,88,127,135,149,1
687,1962,25,2708,3,2220,88,127,135,158,1
379,2145,88,3531,2,2221,88,127,135,159,2
3006,2089,88,490,2,2226,37,128,136,156,2
1295,1967,88,1465,2,2227,37,128,136,156,2
3362,2057,45,116,2,2225,88,128,136,157,2
928,2132,25,2548,3,2224,88,128,136,157,1
272,2094,45,742,1,2228,45,128,136,156,2
3365,2091,37,3431,3,2223,88,128,136,151,1
1114,2123,37,997,2,2238,37,129,137,157,1
2599,2062,88,3342,2,2240,37,129,137,148,2
272,2094,45,743,1,2242,45,129,137,150,2
1609,2129,37,763,3,2231,88,129,137,151,2
379,2145,88,2827,3,2241,37,129,137,155,1
1928,1966,135,327,3,2229,88,129,137,154,2
1565,1933,37,1624,1,2232,88,129,137,160,2
1629,2146,88,3897,2,2234,37,129,137,153,2
2471,2048,88,826,2,2230,88,129,137,152,2
1249,2128,88,4333,3,2235,37,129,137,151,1
4297,2165,88,572,3,2237,37,129,137,157,1
423,2010,37,1062,2,2236,37,129,137,156,2
676,2154,37,453,3,2239,37,129,137,148,1
1171,2038,37,1678,2,2233,37,129,137,153,2
3496,2161,88,2532,2,2243,88,130,138,155,2
4073,2171,37,1124,2,2244,88,130,138,157,2
1774,2131,45,2892,1,2248,45,131,139,151,2
3662,2017,88,4065,2,2246,37,131,139,156,2
1593,2049,88,3819,3,2245,88,131,139,149,1
4036,2108,88,119,1,2250,135,131,139,162,2
2774,2012,45,2758,1,2249,45,131,139,149,2
290,2144,88,2806,1,2247,45,131,139,159,2
676,2154,37,2903,2,2253,37,132,140,153,2
772,1989,45,3945,1,2252,45,132,140,153,2
2146,2030,88,889,2,2251,88,132,140,163,2
2946,2152,37,3743,2,2259,88,133,141,153,2
3890,2065,88,739,2,2256,88,133,141,163,2
4036,2108,88,2781,2,2254,88,133,141,153,2
1241,1981,37,3721,3,2255,88,133,141,152,1
3899,1999,88,4076,3,2257,88,133,141,159,1
2215,2177,37,4319,2,2258,37,133,141,158,2
1035,2218,37,4236,2,2265,37,134,142,153,2
1030,2109,37,2056,3,2264,88,134,142,158,1
3006,2089,88,3733,2,2268,37,134,142,160,2
4340,2193,88,3162,3,2261,88,134,142,164,1
13,2155,37,11,2,2267,37,134,142,157,2
1609,2129,37,4250,2,2266,37,134,142,158,2
599,2168,88,2997,3,2260,88,134,142,157,2
4073,2171,37,104,2,2262,88,134,142,159,2
3377,2135,88,251,2,2263,88,134,142,152,2
4265,2124,37,4330,2,2270,37,135,143,156,2
3697,2142,88,993,3,2269,88,135,143,166,1
3467,2066,88,685,3,2272,9.9,135,143,161,1
3092,2139,37,2880,2,2271,37,135,143,164,2
3549,2118,37,571,2,2276,37,136,144,154,2
3662,2017,88,1376,2,2274,88,136,144,166,2
4016,2117,37,1390,2,2275,37,136,144,168,2
1358,2175,88,3562,2,2273,88,136,144,162,2
3251,2215,37,499,3,2282,9.9,137,145,163,1
3431,2223,88,4318,3,2278,88,137,145,155,1
13,2155,37,1818,2,2279,37,137,145,156,2
3697,2142,88,1858,2,2277,88,137,145,166,2
1951,2122,37,3702,2,2280,37,137,145,156,2
1593,2049,88,2637,3,2281,135,137,145,159,1
3092,2139,37,2516,3,2284,88,138,146,158,2
2544,2027,9.9,3519,2,2290,37,138,146,168,1
1789,2037,88,709,3,2289,135,138,146,170,1
3897,2234,37,1549,3,2285,37,138,146,156,1
2548,2224,88,3220,3,2283,88,138,146,169,2
1124,2244,88,4323,2,2288,37,138,146,165,2
578,2206,37,2087,2,2287,37,138,146,167,2
4265,2124,37,1405,3,2286,37,138,146,163,1
3943,2116,88,2071,3,2291,9.9,138,146,165,1
3296,2169,88,2066,3,2292,88,139,147,159,1
3460,2201,37,2096,3,2301,9.9,139,147,159,1
4144,2188,37,2623,1,2296,88,139,147,158,2
1124,2244,88,1315,2,2299,37,139,147,167,2
3106,2205,88,3367,3,2297,88,139,147,158,2
33,2036,88,895,2,2298,37,139,147,164,2
2827,2241,37,2586,3,2293,88,139,147,168,1
1287,2208,37,1493,3,2294,88,139,147,165,1
3592,2164,9.9,2533,3,2295,88,139,147,169,1
826,2230,88,1656,2,2300,37,139,147,169,2
2755,2148,88,3371,3,2304,135,140,148,162,1
1515,2213,88,1387,2,2302,37,140,148,158,2
4107,2200,37,3413,2,2303,37,140,148,164,2
3531,2221,88,244,2,2308,45,141,149,165,2
4199,2216,37,1155,2,2307,37,141,149,163,2
3890,2065,88,3644,2,2305,88,141,149,173,2
427,2102,37,2984,3,2306,88,141,149,164,1
1678,2233,37,2211,2,2309,37,142,150,165,2
2532,2243,88,1776,3,2312,37,142,150,161,1
490,2226,37,1025,3,2311,37,142,150,167,1
1515,2213,88,2272,2,2310,37,142,150,171,2
327,2229,88,1735,3,2314,88,143,151,168,1
3019,2121,88,3410,3,2315,88,143,151,173,1
367,2202,37,2038,2,2316,37,143,151,167,2
2758,2249,45,1109,3,2313,88,143,151,175,1
2755,2148,88,1,3,2317,88,144,152,170,1
1678,2233,37,4027,2,2319,88,144,152,165,2
13,2155,37,790,2,2320,37,144,152,166,1
2758,2249,45,3268,2,2321,45,144,152,162,2
4333,2235,37,1856,2,2318,88,144,152,165,1
3106,2205,88,1547,3,2326,25,145,153,166,1
1515,2213,88,1740,3,2323,88,145,153,177,1
826,2230,88,3024,2,2325,37,145,153,169,2
2262,2141,9.9,3540,2,2322,88,145,153,165,2
1818,2279,37,3210,2,2324,37,145,153,168,2
4080,2130,37,1875,2,2331,37,146,154,170,2
2806,2247,45,1369,1,2330,45,146,154,175,2
4250,2266,37,1462,2,2328,88,146,154,171,2
1390,2275,37,2877,2,2329,37,146,154,168,2
4340,2193,88,630,3,2327,88,146,154,171,1
3220,2283,88,2675,3,2334,88,147,155,165,1
305,2217,37,4156,3,2335,9.9,147,155,165,1
3519,2290,37,1641,2,2333,88,147,155,179,2
3431,2223,88,2627,3,2332,88,147,155,165,1
4330,2270,37,4088,3,2336,88,148,156,166,1
1656,2300,37,1766,2,2337,37,148,156,171,2
2533,2295,88,714,1,2338,88,149,157,175,2
3733,2268,37,4089,3,2339,88,149,157,180,1
11,2267,37,3580,2,2342,37,150,158,173,2
4236,2265,37,3904,2,2341,37,150,158,175,2
743,2242,45,729,1,2340,45,150,158,182,2
2038,2316,37,1542,2,2345,37,151,159,172,2
4073,2171,37,844,3,2347,88,151,159,172,1
2623,2296,88,2200,2,2346,45,151,159,170,2
571,2276,37,252,3,2343,88,151,159,183,1
1465,2227,37,2692,3,2344,37,151,159,172,2
2637,2281,135,3851,3,2348,88,152,160,181,1
2532,2243,88,3521,3,2349,37,152,160,182,1
2272,2310,37,415,2,2352,37,153,161,176,2
2038,2316,37,1194,2,2351,37,153,161,179,2
1035,2218,37,3530,2,2350,37,153,161,175,2
3743,2259,88,620,2,2353,37,153,161,172,2
2211,2309,37,3975,2,2354,37,154,162,182,2
1062,2236,37,3221,2,2358,37,155,163,182,2
2087,2287,37,1992,2,2359,88,155,163,177,2
1465,2227,37,190,3,2356,88,155,163,179,1
2880,2271,37,785,3,2357,37,155,163,173,1
1740,2323,88,3672,3,2355,88,155,163,186,1
1025,2311,37,3310,2,2361,88,156,164,178,2
3367,2297,88,3577,2,2363,37,156,164,181,1
1025,2311,37,369,3,2360,88,156,164,183,1
3733,2268,37,315,2,2364,37,156,164,187,2
3210,2324,37,1046,3,2362,88,156,164,185,1
1656,2300,37,2217,2,2367,37,157,165,175,1
1369,2330,45,1620,1,2368,45,157,165,186,2
2272,2310,37,2345,3,2369,37,157,165,182,1
1369,2330,45,4028,3,2365,88,157,165,175,1
3024,2325,37,1377,2,2366,37,157,165,185,2
3024,2325,37,1425,2,2370,37,158,166,189,2
2066,2292,88,3817,3,2371,88,159,167,177,2
1858,2277,88,1907,2,2372,37,159,167,177,2
714,2338,88,2238,2,2376,45,160,168,180,2
4027,2319,88,2212,2,2375,37,160,168,183,2
2675,2334,88,2849,2,2373,88,160,168,192,2
1542,2345,37,1308,2,2374,88,160,168,188,2
2038,2316,37,4040,2,2378,37,161,169,192,2
2692,2344,37,3569,1,2377,88,161,169,179,2
252,2343,88,1111,3,2379,88,162,170,180,1
3540,2322,88,2299,1,2380,88,162,170,194,2
729,2340,45,1723,1,2382,45,163,171,186,2
4027,2319,88,2348,2,2381,37,163,171,192,2
2880,2271,37,1580,2,2383,37,164,172,184,2
2200,2346,45,2047,2,2385,45,164,172,193,2
4027,2319,88,2264,2,2384,37,164,172,189,2
714,2338,88,1988,1,2386,45,164,172,195,2
252,2343,88,4085,3,2387,88,165,173,187,1
3310,2361,88,3682,2,2388,37,165,173,192,2
4027,2319,88,2336,3,2390,88,166,174,198,1
3521,2349,37,547,3,2389,88,166,174,193,1
3975,2354,37,2670,2,2391,37,167,175,198,2
2200,2346,45,4092,1,2392,45,168,176,191,2
2238,2376,45,3140,1,2394,45,169,177,198,2
2272,2310,37,3880,2,2393,37,169,177,192,1
315,2364,37,3021,3,2395,88,170,178,202,1
2272,2310,37,188,3,2396,88,171,179,199,1
1620,2368,45,297,1,2397,45,172,180,193,2
1992,2359,88,3312,3,2398,88,172,180,193,1
415,2352,37,3179,2,2399,37,173,181,195,1
1988,2386,45,3191,1,2400,45,173,181,199,2
714,2338,88,1879,1,2402,45,174,182,197,2
415,2352,37,50,3,2401,88,174,182,198,1
3682,2388,37,1681,2,2403,37,175,183,200,2
3682,2388,37,269,3,2404,37,177,185,204,1
2264,2384,37,2816,2,2405,37,177,185,200,2
1620,2368,45,3036,2,2407,45,177,185,200,2
1620,2368,45,2276,1,2406,45,177,185,202,2
4089,2339,88,2401,3,2408,88,178,186,201,1
2264,2384,37,4165,2,2409,37,179,187,208,1
3140,2394,45,2485,3,2410,88,182,190,213,1
2299,2380,88,1117,1,2412,45,183,191,207,2
2299,2380,88,4132,3,2411,88,183,191,206,2
1580,2383,37,1200,2,2413,37,184,192,202,2
315,2364,37,4118,1,2415,37,184,192,216,2
1580,2383,37,3596,2,2414,37,184,192,206,2
1988,2386,45,3068,1,2416,45,185,193,211,1
3880,2393,37,1247,2,2417,88,186,194,210,2
297,2397,45,898,2,2418,45,187,195,210,2
2816,2405,37,484,3,2419,88,188,196,208,1
3036,2407,45,2656,1,2420,45,188,196,213,2
3880,2393,37,3604,3,2421,88,189,197,218,1
2276,2406,45,880,2,2422,45,189,197,207,2
3036,2407,45,1244,1,2423,45,190,198,215,2
1681,2403,37,1850,3,2424,88,191,199,213,1
2276,2406,45,1277,1,2425,45,193,201,215,2
188,2396,88,4292,2,2426,88,194,202,218,2
2816,2405,37,1427,2,2427,88,197,205,219,2
1681,2403,37,2709,2,2429,9.9,199,207,219,2
2276,2406,45,4037,2,2428,88,199,207,228,2
1244,2423,45,30,1,2430,45,201,209,233,2
2485,2410,88,797,3,2431,88,204,212,228,2
3596,2414,37,1179,2,2433,37,205,213,226,2
1850,2424,88,2371,2,2432,88,205,213,234,2
2709,2429,9.9,911,3,2435,88,212,220,237,1
1244,2423,45,3534,2,2434,88,212,220,237,2
2371,2432,88,2387,3,2436,37,213,221,233,1
2656,2420,45,2177,1,2437,45,213,221,235,2
1427,2427,88,3997,3,2439,88,214,222,233,2
4037,2428,88,1383,2,2438,37,214,222,238,2
2709,2429,9.9,507,2,2440,37,216,224,236,2
2371,2432,88,1840,2,2441,88,217,225,241,2
4037,2428,88,2583,3,2442,37,218,226,250,1
2177,2437,45,1273,3,2443,88,223,231,253,2
3534,2434,88,2113,3,2444,37,227,235,249,1
3534,2434,88,4177,2,2446,37,230,238,258,2
3997,2439,88,2361,3,2445,88,230,238,250,2
507,2440,37,447,2,2447,37,235,243,266,2
3534,2434,88,3979,2,2448,37,235,243,266,2
3534,2434,88,4170,2,2450,37,236,244,268,2
2113,2444,37,4195,2,2449,88,236,244,268,2
4177,2446,37,1570,3,2451,37,242,250,260,1
3979,2448,37,124,2,2452,37,246,254,271,1
3979,2448,37,2597,3,2453,135,249,257,270,1
4195,2449,88,2179,2,2454,37,251,259,270,2
447,2447,37,4346,2,2455,37,252,260,273,2
1570,2451,37,3998,3,2456,88,253,261,284,1
1570,2451,37,2990,3,2457,88,254,262,278,1
4195,2449,88,82,3,2458,37,255,263,283,1
4177,2446,37,2633,2,2459,37,257,265,279,2
4195,2449,88,2778,2,2461,37,258,266,277,2
447,2447,37,1731,2,2460,37,258,266,285,2
4346,2455,37,2833,2,2462,88,263,271,295,2
4346,2455,37,2431,2,2463,37,266,274,287,2
2833,2462,88,1991,2,2464,37,273,281,291,2
82,2458,37,3137,3,2465,88,276,284,305,2
1991,2464,37,1162,1,2466,88,286,294,315,2
1162,2466,88,2416,2,2467,88,299,307,325,2
